t,h_t,java,.net,php,c++,qa,project manager,product manager,analyst,за рубежом,python,ruby,ios/macos,android,front end,дизайн,маркетинг,devops,начинающим
1593603789,2020-06-25 14:43:08,0,0,0,0,0,0,0,0,0,0,0,0,0,0,0,0,0,0
1593603789,2020-07-01 14:43:09,201,250,313,90,365,151,67,228,106,157,47,93,79,464,218,215,178,260
1593605337,2020-07-01 15:08:57,201,251,314,90,365,151,67,229,106,157,47,93,79,464,219,215,180,260
1593610335,2020-07-01 16:32:15,202,255,318,90,370,152,67,229,108,158,48,92,80,468,220,216,179,262
1593612012,2020-07-01 17:00:12,202,255,318,90,370,152,67,231,108,158,48,92,79,469,220,216,180,264
1593616413,2020-07-01 18:13:33,202,255,318,90,370,154,66,230,108,159,48,93,79,468,222,220,182,264
1593673438,2020-07-02 10:03:58,196,247,302,89,356,141,58,218,107,156,46,88,71,450,213,210,176,255
1593764240,2020-07-03 11:17:20,202,245,302,90,369,148,63,226,109,155,49,89,71,456,222,206,178,260
1594023136,2020-07-06 11:12:16,198,229,288,84,346,139,63,208,105,149,48,84,67,447,210,203,167,247
1594048001,2020-07-06 18:06:41,205,238,302,87,360,146,62,211,110,156,49,85,72,470,220,211,172,255
1595173349,2020-07-19 18:42:29,228,268,294,86,407,154,69,220,140,167,48,97,90,468,242,222,196,238
1595173506,2020-07-19 18:45:06,228,268,294,86,407,154,69,220,140,167,48,97,90,468,242,222,196,238
1595232615,2020-07-20 11:10:15,226,263,285,82,407,153,68,223,132,164,46,96,90,460,235,219,200,248
1595319415,2020-07-21 11:16:55,237,279,307,90,418,161,69,232,138,165,46,96,86,480,250,227,207,252
1595341890,2020-07-21 17:31:30,246,283,315,93,425,168,71,232,143,166,51,97,88,498,251,228,216,253
1595360549,2020-07-21 22:42:29,247,283,317,93,428,168,72,235,144,168,51,98,91,499,249,229,214,255
1595363339,2020-07-21 23:28:59,247,283,318,93,428,168,72,234,143,168,51,98,91,499,249,229,214,255
1595411893,2020-07-22 12:58:13,250,287,319,95,431,165,72,237,142,169,52,97,91,511,248,230,219,254
1595407912,2020-07-22 11:51:52,249,284,319,95,429,165,73,234,143,169,52,98,92,501,247,228,216,254
1595417345,2020-07-22 14:29:05,250,287,321,95,434,167,73,239,142,170,52,97,91,513,249,230,222,255
1595431752,2020-07-22 18:29:12,252,290,322,95,444,169,78,242,144,172,55,96,92,513,250,233,224,257
1595492959,2020-07-23 11:29:19,237,285,311,89,425,165,76,227,140,167,51,90,87,492,236,225,216,255
1595513500.123519,2020-07-23 17:11:40.123517,242,289,315,90,431,168,77,234,141,172,54,92,87,504,240,231,221,259
1595516403.072529,2020-07-23 18:00:03.072502,242,290,315,90,433,170,76,236,142,171,54,92,87,506,242,232,221,260
1595577604.9546363,2020-07-24 11:00:04.954628,233,284,310,88,418,162,75,232,140,169,55,88,86,494,235,225,215,259
1595577672.1654458,2020-07-24 11:01:12.165437,233,284,310,88,418,162,75,232,140,169,55,88,86,494,236,225,215,259
1595577738.1197872,2020-07-24 11:02:18.119778,233,284,310,88,418,162,75,232,140,169,55,88,86,494,237,225,215,259
1595577805.3746283,2020-07-24 11:03:25.374621,233,284,310,88,418,162,75,232,140,169,55,88,86,494,237,225,215,259
1595577873.372851,2020-07-24 11:04:33.372841,234,284,310,88,418,162,75,232,140,169,55,88,86,494,237,225,215,259
1595577940.4150043,2020-07-24 11:05:40.414996,234,284,310,88,418,162,75,232,140,169,55,88,86,494,237,225,215,259
1595578006.745641,2020-07-24 11:06:46.745632,234,284,310,88,418,162,75,232,140,169,55,88,86,494,237,225,215,259
1595578072.4630516,2020-07-24 11:07:52.463043,234,284,310,88,418,162,75,232,140,169,55,88,86,494,237,225,215,259
1595578138.5083008,2020-07-24 11:08:58.508293,234,284,310,88,418,162,75,232,140,169,55,88,86,494,237,225,215,259
1595578204.8244772,2020-07-24 11:10:04.824467,234,284,310,88,418,162,75,232,140,169,55,88,86,494,237,225,215,259
1595578271.7877476,2020-07-24 11:11:11.787739,234,284,310,88,418,162,75,232,140,169,55,88,86,495,237,225,215,259
1595578337.5390744,2020-07-24 11:12:17.539067,234,284,310,88,419,162,75,232,140,169,55,88,86,495,237,225,215,259
1595578403.5399158,2020-07-24 11:13:23.539907,234,284,310,88,419,162,75,232,140,169,55,88,86,495,237,225,215,259
1595578469.355896,2020-07-24 11:14:29.355886,234,284,310,88,419,162,75,232,140,169,55,88,86,495,237,225,215,259
1595578535.2393124,2020-07-24 11:15:35.239304,234,284,310,88,419,162,75,232,140,169,55,88,86,495,237,225,215,259
1595578601.074277,2020-07-24 11:16:41.074268,234,284,310,88,419,162,75,232,140,169,55,88,86,495,237,225,215,259
1595578667.1995468,2020-07-24 11:17:47.199538,234,284,310,88,419,162,75,232,140,169,55,88,86,495,237,225,215,259
1595578733.2870073,2020-07-24 11:18:53.286998,234,284,310,88,419,162,75,232,140,169,54,88,86,496,237,225,215,259
1595578799.1349058,2020-07-24 11:19:59.134897,234,284,310,88,419,162,75,232,140,169,54,88,86,496,237,225,215,259
1595578865.4376173,2020-07-24 11:21:05.437609,234,284,310,89,419,162,75,232,140,169,54,88,86,496,237,225,215,259
1595578932.3355818,2020-07-24 11:22:12.335574,234,284,310,89,419,162,75,232,140,169,54,88,86,496,237,225,215,259
1595578998.967993,2020-07-24 11:23:18.967984,234,284,310,89,419,162,75,231,140,169,54,88,86,496,237,225,215,259
1595579065.7030754,2020-07-24 11:24:25.703066,234,284,310,89,419,162,75,231,140,169,54,88,86,496,237,225,215,259
1595579132.0414374,2020-07-24 11:25:32.041428,234,284,310,89,419,162,75,231,140,169,54,88,86,496,238,225,215,259
1595579198.0391212,2020-07-24 11:26:38.039112,234,284,310,89,419,162,75,231,140,169,54,88,86,496,238,225,215,259
1595579264.179835,2020-07-24 11:27:44.179826,234,284,310,89,419,162,75,231,140,169,54,88,86,496,238,225,215,259
1595579330.0355084,2020-07-24 11:28:50.035499,234,284,310,89,419,162,75,232,140,169,54,88,86,496,238,225,215,259
1595579396.0802438,2020-07-24 11:29:56.080235,234,284,310,89,419,162,75,232,140,169,54,88,86,496,238,225,215,259
1595579462.052666,2020-07-24 11:31:02.052656,234,284,310,89,419,162,75,232,140,169,54,88,86,496,238,225,215,259
1595579527.9507828,2020-07-24 11:32:07.950774,234,284,310,89,419,162,75,232,140,169,54,88,86,496,238,225,215,259
1595579594.1884816,2020-07-24 11:33:14.188473,234,284,310,89,419,162,75,232,140,169,54,88,86,496,238,225,215,259
1595579660.215633,2020-07-24 11:34:20.215624,234,284,310,89,419,162,75,232,140,169,54,88,86,496,238,225,215,259
1595579726.2735147,2020-07-24 11:35:26.273506,234,285,310,89,419,162,75,232,140,169,54,88,86,496,238,225,215,259
1595579792.290441,2020-07-24 11:36:32.290432,234,285,310,89,418,162,75,232,140,169,54,88,86,496,238,225,215,259
1595579858.3915448,2020-07-24 11:37:38.391536,234,285,310,89,418,162,75,232,140,169,54,88,86,496,238,225,215,259
1595579924.338816,2020-07-24 11:38:44.338807,235,285,310,89,418,162,75,232,140,169,54,88,87,496,238,225,215,259
1595579990.254807,2020-07-24 11:39:50.254798,235,285,310,89,418,162,75,232,140,169,54,88,87,496,238,225,215,259
1595580056.238785,2020-07-24 11:40:56.238776,235,285,310,89,418,162,75,232,140,169,54,88,87,496,238,225,215,259
1595580122.773902,2020-07-24 11:42:02.773893,235,285,310,89,418,162,75,232,140,169,54,88,87,496,238,225,215,259
1595580189.0441535,2020-07-24 11:43:09.044145,235,286,310,89,418,162,75,232,140,169,54,88,87,496,239,225,215,259
1595580255.8324127,2020-07-24 11:44:15.832404,235,286,310,89,418,162,75,232,140,169,55,88,87,496,239,225,215,259
1595580321.685587,2020-07-24 11:45:21.685579,235,286,310,89,418,162,75,232,140,169,55,88,87,496,239,225,215,259
1595580387.728318,2020-07-24 11:46:27.728310,235,286,310,89,418,162,75,232,140,169,55,88,87,496,239,225,215,259
1595580453.649359,2020-07-24 11:47:33.649351,235,286,310,89,418,162,75,232,140,169,55,88,87,496,239,225,215,259
1595580519.6339996,2020-07-24 11:48:39.633991,235,286,310,89,418,162,75,232,140,168,55,88,87,496,239,225,215,259
1595580585.8974702,2020-07-24 11:49:45.897462,235,286,310,89,418,162,75,232,140,168,55,88,87,496,239,225,215,259
1595580652.0407486,2020-07-24 11:50:52.040740,235,286,310,89,418,162,75,232,140,168,55,88,87,496,239,225,215,259
1595580718.089907,2020-07-24 11:51:58.089898,235,286,310,89,418,162,75,232,140,168,55,88,87,496,239,225,215,259
1595580784.0404854,2020-07-24 11:53:04.040478,235,286,310,89,418,162,75,232,140,168,55,88,87,496,239,225,215,259
1595580849.8742783,2020-07-24 11:54:09.874269,235,286,310,89,418,162,75,232,140,168,55,88,87,496,239,225,215,258
1595580916.3429143,2020-07-24 11:55:16.342906,235,286,310,89,418,162,75,232,140,168,55,88,87,496,239,225,215,258
1595580984.1184895,2020-07-24 11:56:24.118480,235,286,310,89,418,162,75,232,140,168,55,88,87,496,239,225,215,258
1595581050.3886552,2020-07-24 11:57:30.388646,235,286,310,89,418,162,75,232,140,168,55,88,87,496,239,225,215,258
1595581116.1044292,2020-07-24 11:58:36.104420,235,286,310,89,418,162,75,232,140,168,55,88,87,496,239,225,215,258
1595581182.4434433,2020-07-24 11:59:42.443434,235,286,310,89,418,162,75,232,140,168,55,88,87,496,239,225,215,258
1595588455.6303546,2020-07-24 14:00:55.630346,237,288,313,89,420,163,75,233,136,173,55,89,87,494,245,229,215,262
1595588519.2092252,2020-07-24 14:01:59.209217,237,288,313,89,420,163,75,233,136,173,55,89,87,494,245,229,215,262
1595588582.960062,2020-07-24 14:03:02.960054,237,288,313,89,420,163,75,233,136,173,55,89,87,494,245,229,215,262
1595588646.3967056,2020-07-24 14:04:06.396697,237,288,313,89,420,163,75,233,136,173,56,89,87,494,245,229,215,262
1595588710.5076127,2020-07-24 14:05:10.507604,237,288,313,89,420,163,75,233,136,173,56,89,87,494,245,229,215,262
1595588774.1050296,2020-07-24 14:06:14.105021,237,288,313,89,420,163,75,233,136,173,56,89,87,494,245,229,215,262
1595588837.564212,2020-07-24 14:07:17.564203,237,288,313,89,420,163,75,233,136,173,56,89,87,495,245,229,215,262
1595588902.2378976,2020-07-24 14:08:22.237890,237,288,313,89,420,163,75,233,136,173,56,89,87,495,245,230,215,263
1595588965.7188425,2020-07-24 14:09:25.718834,237,288,313,89,420,163,75,233,136,173,56,89,87,496,245,230,215,263
1595589029.363227,2020-07-24 14:10:29.363218,237,288,313,89,420,163,75,233,136,173,56,89,87,496,245,230,215,263
1595589093.2659771,2020-07-24 14:11:33.265968,237,288,313,89,420,163,75,233,136,174,56,89,87,496,245,230,215,263
1595589156.9248025,2020-07-24 14:12:36.924793,237,288,313,89,420,163,75,233,136,174,56,89,87,496,245,230,215,263
1595589220.8534293,2020-07-24 14:13:40.853421,237,288,313,89,420,163,75,233,136,174,56,89,87,496,246,230,215,264
1595589284.6001813,2020-07-24 14:14:44.600173,237,288,313,89,420,163,75,233,136,174,56,89,87,496,246,230,215,264
1595589348.2487466,2020-07-24 14:15:48.248738,237,288,313,89,420,163,75,233,136,174,56,89,87,496,246,230,215,264
1595589411.6843164,2020-07-24 14:16:51.684308,237,288,313,89,420,163,75,233,136,174,56,89,87,496,246,230,215,264
1595589475.9458916,2020-07-24 14:17:55.945883,237,288,313,89,420,163,75,233,136,174,56,89,87,496,246,230,215,264
1595589539.7888942,2020-07-24 14:18:59.788885,236,288,313,89,420,163,75,233,136,174,56,89,87,496,246,230,215,264
1595589603.681893,2020-07-24 14:20:03.681885,236,288,313,89,420,163,75,233,136,174,56,89,87,495,246,230,215,264
1595589667.684799,2020-07-24 14:21:07.684791,236,288,313,89,420,163,75,233,136,174,56,89,87,495,246,230,215,264
1595589731.272918,2020-07-24 14:22:11.272909,236,288,314,89,420,163,75,233,136,174,56,89,87,495,246,230,215,264
1595589794.9014823,2020-07-24 14:23:14.901474,236,288,314,89,420,163,75,233,136,174,56,89,87,495,246,230,215,264
1595589859.0101123,2020-07-24 14:24:19.010103,236,288,314,89,420,163,75,233,136,174,56,89,87,495,246,230,215,264
1595589923.1740885,2020-07-24 14:25:23.174080,236,288,315,89,420,163,75,233,136,174,56,89,87,495,246,230,215,264
1595589986.7593179,2020-07-24 14:26:26.759310,236,288,315,89,420,163,75,233,136,174,56,89,87,495,246,230,215,264
1595590051.0833244,2020-07-24 14:27:31.083316,236,288,315,89,420,163,75,233,136,174,56,89,87,495,246,230,215,264
1595590114.693565,2020-07-24 14:28:34.693556,236,288,315,89,420,163,75,233,136,174,56,89,87,495,246,230,215,264
1595590178.3101878,2020-07-24 14:29:38.310179,236,288,315,89,420,163,75,233,136,174,56,89,87,495,246,230,215,264
1595590241.8294492,2020-07-24 14:30:41.829440,236,288,315,89,420,163,75,233,136,174,56,89,87,495,246,230,215,264
1595590305.6618505,2020-07-24 14:31:45.661841,236,288,315,89,420,163,74,233,136,174,56,89,87,495,246,230,215,264
1595590369.0134451,2020-07-24 14:32:49.013437,236,288,315,89,420,163,74,233,136,174,56,89,87,495,247,230,215,264
1595590432.4942758,2020-07-24 14:33:52.494268,236,288,315,89,420,163,74,233,136,174,56,89,87,494,247,230,215,264
1595590496.1573794,2020-07-24 14:34:56.157371,236,288,315,89,420,163,74,233,136,174,56,89,87,494,247,230,215,264
1595590559.787542,2020-07-24 14:35:59.787534,236,288,315,89,420,163,74,233,136,174,56,89,87,494,247,230,215,264
1595590624.0848095,2020-07-24 14:37:04.084801,236,288,315,89,420,163,74,233,136,174,56,89,87,494,247,230,215,264
1595590687.916231,2020-07-24 14:38:07.916222,236,288,315,90,420,163,74,233,136,174,56,89,87,494,247,230,215,264
1595590751.5199842,2020-07-24 14:39:11.519975,236,288,315,90,420,163,74,233,136,174,56,89,87,494,247,230,215,264
1595590815.185903,2020-07-24 14:40:15.185895,236,288,315,90,420,163,74,233,136,174,56,89,87,494,247,230,215,264
1595590878.7937586,2020-07-24 14:41:18.793750,236,288,315,90,420,163,74,233,136,174,56,89,87,494,247,230,215,264
1595590942.299953,2020-07-24 14:42:22.299944,236,288,315,90,420,163,74,233,136,174,56,89,87,494,247,230,215,264
1595591006.6350715,2020-07-24 14:43:26.635063,236,288,315,90,420,163,74,233,136,174,56,89,87,494,247,230,215,264
1595591070.2110717,2020-07-24 14:44:30.211063,236,288,315,90,420,163,74,233,136,174,56,89,87,494,247,230,215,264
1595591133.7732608,2020-07-24 14:45:33.773252,236,288,315,90,420,163,74,233,136,174,56,89,87,494,247,231,215,264
1595591197.9375498,2020-07-24 14:46:37.937541,236,288,315,90,420,163,74,233,136,174,56,89,87,494,247,231,215,264
1595591261.4016619,2020-07-24 14:47:41.401653,236,288,315,90,420,163,74,233,136,174,56,89,87,494,247,231,215,264
1595591324.945028,2020-07-24 14:48:44.945019,236,288,315,90,420,163,74,233,136,174,56,89,87,494,247,231,215,264
1595591388.7169256,2020-07-24 14:49:48.716917,236,288,315,90,420,163,74,233,136,174,56,89,88,494,247,231,215,264
1595591452.4946768,2020-07-24 14:50:52.494668,236,288,315,90,420,163,74,233,136,174,56,89,88,494,247,231,215,264
1595591516.0379956,2020-07-24 14:51:56.037987,236,288,315,90,420,163,74,233,136,174,56,89,88,494,247,231,215,264
1595591579.7054079,2020-07-24 14:52:59.705399,236,288,315,90,420,163,74,233,136,174,56,89,88,494,247,231,215,264
1595591643.673156,2020-07-24 14:54:03.673147,236,288,315,90,420,161,74,233,135,174,56,89,88,494,247,231,215,264
1595591707.283755,2020-07-24 14:55:07.283747,236,288,315,90,420,161,74,233,135,174,56,89,88,494,247,232,215,264
1595591770.7017148,2020-07-24 14:56:10.701706,236,289,315,90,420,161,74,233,135,174,56,89,88,494,247,232,215,264
1595591834.103977,2020-07-24 14:57:14.103968,236,289,315,90,420,161,74,233,135,174,56,89,88,494,247,232,215,264
1595591897.5890715,2020-07-24 14:58:17.589063,236,289,315,90,420,161,74,233,135,174,56,89,88,494,247,232,215,264
1595591961.255155,2020-07-24 14:59:21.255147,236,289,315,90,420,161,74,233,135,174,56,89,88,494,247,232,215,264
1595602835.7425835,2020-07-24 18:00:35.742575,237,290,323,90,424,162,76,233,140,177,55,90,88,498,249,234,218,263
1595664041.3155923,2020-07-25 11:00:41.315583,239,277,317,89,412,156,73,226,136,177,53,84,86,483,240,225,209,258
1595664105.2663784,2020-07-25 11:01:45.266370,239,277,317,89,412,156,73,226,136,177,53,84,86,483,240,225,209,258
1595664169.137387,2020-07-25 11:02:49.137378,239,277,317,89,412,156,73,226,136,177,53,84,86,483,240,225,209,258
1595664232.9392035,2020-07-25 11:03:52.939195,239,277,317,89,412,156,73,226,136,177,53,84,86,483,240,225,209,258
1595664296.6140387,2020-07-25 11:04:56.614030,239,277,317,89,412,156,73,226,136,177,53,84,86,483,240,225,209,258
1595664360.516559,2020-07-25 11:06:00.516550,239,277,317,89,412,156,73,226,136,177,53,84,86,483,240,225,209,258
1595664429.1580932,2020-07-25 11:07:09.158085,239,277,317,89,412,156,73,226,136,177,53,84,86,483,240,225,209,258
1595664492.7109923,2020-07-25 11:08:12.710984,239,277,317,89,412,156,73,226,136,177,53,84,86,483,240,225,209,258
1595664556.2646005,2020-07-25 11:09:16.264591,239,277,317,89,412,156,73,226,136,177,53,84,86,483,240,225,209,258
1595664619.8362637,2020-07-25 11:10:19.836255,239,277,317,89,412,156,73,226,136,177,53,84,86,483,240,225,209,258
1595664683.377555,2020-07-25 11:11:23.377545,239,277,317,89,412,156,73,226,136,177,53,84,86,483,240,225,209,258
1595664746.8781967,2020-07-25 11:12:26.878188,239,277,317,89,412,156,73,226,136,177,53,84,86,483,240,225,209,258
1595664810.4833608,2020-07-25 11:13:30.483352,239,277,317,89,412,156,73,226,136,177,53,84,86,483,240,225,209,258
1595664874.0866132,2020-07-25 11:14:34.086605,239,277,317,89,412,156,73,226,136,177,53,84,86,483,240,225,209,258
1595664937.5376782,2020-07-25 11:15:37.537670,239,277,317,89,412,156,73,226,136,177,53,84,86,483,240,225,209,258
1595665001.098447,2020-07-25 11:16:41.098438,239,277,317,89,412,156,73,226,136,177,53,84,86,483,240,225,209,258
1595665064.7612815,2020-07-25 11:17:44.761273,239,277,317,89,412,156,73,226,136,177,53,84,86,483,240,225,209,258
1595665128.4520192,2020-07-25 11:18:48.452011,239,277,317,89,412,156,73,226,136,177,53,84,86,483,240,225,209,258
1595665197.1134777,2020-07-25 11:19:57.113469,239,277,317,89,412,156,73,226,136,177,53,84,86,483,240,225,209,258
1595665260.680691,2020-07-25 11:21:00.680682,239,277,317,89,412,156,73,226,136,177,53,84,86,483,240,225,209,258
1595665324.5922894,2020-07-25 11:22:04.592281,239,277,317,89,412,156,73,226,136,177,53,84,86,483,240,225,209,258
1595665388.2447236,2020-07-25 11:23:08.244715,239,277,317,89,412,156,73,226,136,177,53,84,86,483,240,225,209,258
1595665452.1846042,2020-07-25 11:24:12.184596,239,277,317,89,412,156,73,226,136,177,53,84,86,483,240,225,209,258
1595665516.4541314,2020-07-25 11:25:16.454123,239,277,317,89,412,156,73,226,136,177,53,84,86,483,240,225,209,258
1595665580.0242424,2020-07-25 11:26:20.024234,239,277,317,89,412,156,73,226,136,177,53,84,86,483,240,225,209,258
1595665643.5726976,2020-07-25 11:27:23.572689,239,277,317,89,412,156,73,226,136,177,53,84,86,483,240,225,209,258
1595665707.218652,2020-07-25 11:28:27.218643,239,277,317,89,412,156,73,226,136,177,53,84,86,483,240,225,209,258
1595665770.9065573,2020-07-25 11:29:30.906549,239,277,317,89,412,156,73,226,136,177,53,84,86,483,240,225,209,258
1595665834.5968034,2020-07-25 11:30:34.596795,239,277,317,89,412,156,73,226,136,177,53,84,86,483,240,225,209,258
1595665898.2253642,2020-07-25 11:31:38.225355,239,277,317,89,412,156,73,226,136,177,53,84,86,483,240,225,209,258
1595665961.6532733,2020-07-25 11:32:41.653264,239,277,317,89,412,156,73,226,136,177,53,84,86,483,240,225,209,258
1595666025.26052,2020-07-25 11:33:45.260511,239,277,317,89,412,156,73,226,136,177,53,84,86,483,240,225,209,258
1595666088.7138188,2020-07-25 11:34:48.713811,239,277,317,89,412,156,73,226,136,177,53,84,86,483,240,225,209,258
1595666152.4338367,2020-07-25 11:35:52.433828,239,277,317,89,412,156,73,226,136,177,53,84,86,483,240,225,209,258
1595666215.8803673,2020-07-25 11:36:55.880358,239,277,317,89,412,156,73,226,136,177,53,84,86,483,240,225,209,258
1595666279.7079084,2020-07-25 11:37:59.707899,239,277,317,89,412,156,73,226,136,177,53,84,86,483,240,225,209,258
1595666343.557413,2020-07-25 11:39:03.557404,239,277,317,89,412,156,73,226,136,177,53,84,86,483,240,225,209,258
1595666407.323852,2020-07-25 11:40:07.323843,239,277,317,89,412,156,73,226,136,177,53,84,86,483,240,225,209,258
1595666471.1111171,2020-07-25 11:41:11.111109,239,277,317,89,412,156,73,226,136,177,53,84,86,483,240,225,209,258
1595666534.6644633,2020-07-25 11:42:14.664454,239,277,317,89,412,156,73,226,136,177,53,84,86,483,240,225,209,258
1595666598.0386796,2020-07-25 11:43:18.038671,239,277,317,89,412,156,73,226,136,177,53,84,86,483,240,225,209,258
1595666661.9340587,2020-07-25 11:44:21.934051,239,277,317,89,412,156,73,226,136,177,53,84,86,483,240,225,209,258
1595666725.4432764,2020-07-25 11:45:25.443267,239,277,317,89,412,156,73,226,136,177,53,84,86,483,240,225,209,258
1595666789.1718016,2020-07-25 11:46:29.171793,239,277,317,89,412,156,73,226,136,177,53,84,86,483,240,225,209,258
1595666852.6591043,2020-07-25 11:47:32.659096,239,277,317,89,412,156,73,226,136,177,53,84,86,483,240,225,209,258
1595666916.191045,2020-07-25 11:48:36.191037,239,277,317,89,412,156,73,226,136,177,53,84,86,483,240,225,209,258
1595666979.8919327,2020-07-25 11:49:39.891924,239,277,317,89,412,156,73,226,136,177,53,84,86,483,240,225,209,258
1595667043.4069548,2020-07-25 11:50:43.406946,239,277,317,89,412,156,73,226,136,177,53,84,86,483,240,225,209,258
1595667106.9698682,2020-07-25 11:51:46.969859,239,277,317,89,412,156,73,226,136,177,53,84,86,483,240,225,209,258
1595667170.6129673,2020-07-25 11:52:50.612959,239,277,317,89,412,156,73,226,136,177,53,84,86,483,240,225,209,258
1595667234.3529685,2020-07-25 11:53:54.352959,239,277,317,89,412,156,73,226,136,177,53,84,86,483,240,225,209,258
1595667298.0688412,2020-07-25 11:54:58.068833,239,277,317,89,412,156,73,226,136,177,53,84,86,483,240,225,209,258
1595667361.5520828,2020-07-25 11:56:01.552074,239,277,317,89,412,156,73,226,136,177,53,84,86,483,240,225,209,258
1595667425.2044792,2020-07-25 11:57:05.204470,239,277,317,89,412,156,73,226,136,177,53,84,86,483,240,225,209,258
1595667488.896842,2020-07-25 11:58:08.896834,239,277,317,89,412,156,73,226,136,177,53,84,86,483,240,225,209,258
1595667552.5646482,2020-07-25 11:59:12.564640,239,277,317,89,412,156,73,226,136,177,53,84,86,483,240,225,209,258
1595674823.7221825,2020-07-25 14:00:23.722174,239,277,317,89,412,156,73,226,136,177,54,84,86,484,240,226,211,258
1595674887.1033149,2020-07-25 14:01:27.103306,239,277,317,89,412,156,73,226,136,177,54,84,86,484,240,226,211,258
1595674950.7587874,2020-07-25 14:02:30.758779,239,277,317,89,412,156,73,226,136,177,54,84,86,484,240,226,211,258
1595675014.3446908,2020-07-25 14:03:34.344683,239,277,317,89,412,156,73,226,136,177,54,84,86,484,240,226,211,258
1595675078.1165826,2020-07-25 14:04:38.116574,239,277,317,89,412,156,73,226,136,177,54,84,86,484,240,226,211,258
1595675141.7112904,2020-07-25 14:05:41.711282,239,277,317,89,412,156,73,226,136,177,54,84,86,484,240,226,211,258
1595675205.2219467,2020-07-25 14:06:45.221938,239,277,317,89,412,156,73,226,136,177,54,84,86,484,240,226,211,258
1595675268.830155,2020-07-25 14:07:48.830147,239,277,317,89,412,156,73,226,136,177,54,84,86,484,240,226,211,258
1595675332.3585777,2020-07-25 14:08:52.358569,239,277,317,89,412,156,73,226,136,177,54,84,86,484,240,226,211,258
1595675396.0402153,2020-07-25 14:09:56.040207,239,277,317,89,412,156,73,226,136,177,54,84,86,484,240,226,211,258
1595675465.592988,2020-07-25 14:11:05.592980,239,277,317,89,412,156,73,226,136,177,54,84,86,484,240,226,211,258
1595675534.0838807,2020-07-25 14:12:14.083872,239,277,317,89,412,156,73,226,136,177,54,84,86,484,240,226,211,258
1595675602.6755736,2020-07-25 14:13:22.675564,239,277,317,89,412,156,73,226,136,177,54,84,86,484,240,226,211,258
1595675666.6537743,2020-07-25 14:14:26.653766,239,277,317,89,412,156,73,226,136,177,54,84,86,484,240,226,211,258
1595675730.4689918,2020-07-25 14:15:30.468982,239,277,317,89,412,156,73,226,136,177,54,84,86,484,240,226,211,258
1595675794.0730321,2020-07-25 14:16:34.073023,239,277,317,89,412,156,73,226,136,177,54,84,86,484,240,226,211,258
1595675857.667838,2020-07-25 14:17:37.667829,239,277,317,89,412,156,73,226,136,177,54,84,86,484,240,226,211,258
1595675921.1347733,2020-07-25 14:18:41.134765,239,277,317,89,412,156,73,226,136,177,54,84,86,484,240,226,211,258
1595675984.6359153,2020-07-25 14:19:44.635907,239,277,317,89,412,156,73,226,136,177,54,84,86,484,240,226,211,258
1595676048.1423817,2020-07-25 14:20:48.142373,239,277,317,89,412,156,73,226,136,177,54,84,86,484,240,226,211,258
1595676111.6886063,2020-07-25 14:21:51.688598,239,277,317,89,412,156,73,226,136,177,54,84,86,484,240,226,211,258
1595676175.0492313,2020-07-25 14:22:55.049223,239,277,317,89,412,156,73,226,136,177,54,84,86,484,240,226,211,258
1595676238.6690984,2020-07-25 14:23:58.669090,239,277,317,89,412,156,73,226,136,177,54,84,86,484,240,226,211,258
1595676302.095341,2020-07-25 14:25:02.095333,239,277,317,89,412,156,73,226,136,177,54,84,86,484,240,226,211,258
1595676365.8704486,2020-07-25 14:26:05.870440,239,277,317,89,412,156,73,226,136,177,54,84,86,484,240,226,211,258
1595676429.6105719,2020-07-25 14:27:09.610563,239,277,317,89,412,156,73,226,136,177,54,84,86,484,240,226,211,258
1595676493.1752455,2020-07-25 14:28:13.175236,239,277,317,89,412,156,73,226,136,177,54,84,86,484,240,226,211,258
1595676556.6562557,2020-07-25 14:29:16.656247,239,277,317,89,412,156,73,226,136,177,54,84,86,484,240,226,211,258
1595676620.4304132,2020-07-25 14:30:20.430405,239,277,317,89,412,156,73,226,136,177,54,84,86,484,240,226,211,258
1595676684.090396,2020-07-25 14:31:24.090388,239,277,318,89,412,156,73,226,136,177,54,84,86,485,240,226,211,258
1595676748.5133176,2020-07-25 14:32:28.513308,239,277,318,89,412,156,73,226,136,177,54,84,86,485,240,226,211,258
1595676812.2332156,2020-07-25 14:33:32.233206,239,277,318,89,412,156,73,226,136,177,54,84,86,485,240,226,211,258
1595676875.8467383,2020-07-25 14:34:35.846730,239,277,318,89,412,156,73,226,136,177,54,84,86,485,240,226,211,258
1595676939.3220417,2020-07-25 14:35:39.322034,239,277,318,89,412,156,73,226,136,177,54,84,86,485,240,226,211,258
1595677002.6668167,2020-07-25 14:36:42.666809,239,277,318,89,412,156,73,226,136,177,54,84,86,485,240,226,211,258
1595677066.4536896,2020-07-25 14:37:46.453681,239,277,318,89,412,156,73,226,136,177,54,84,86,485,240,226,211,258
1595677130.0761936,2020-07-25 14:38:50.076186,239,277,318,89,412,156,73,226,136,177,54,84,86,485,240,226,211,258
1595677193.6075518,2020-07-25 14:39:53.607543,239,277,318,89,412,156,73,226,136,177,54,84,86,485,240,226,211,258
1595677257.000491,2020-07-25 14:40:57.000483,239,277,318,89,412,156,73,226,136,177,54,84,86,485,240,226,211,258
1595677320.65939,2020-07-25 14:42:00.659382,239,277,318,89,412,156,73,226,136,177,54,84,86,485,240,226,211,258
1595677384.4025865,2020-07-25 14:43:04.402577,239,277,318,89,412,156,73,226,136,177,54,84,86,485,240,226,211,258
1595677448.141522,2020-07-25 14:44:08.141513,239,277,318,89,412,156,73,226,136,177,54,84,86,485,240,226,211,258
1595677511.7449782,2020-07-25 14:45:11.744970,239,277,318,89,412,156,73,226,136,177,54,84,86,485,240,226,211,258
1595677575.3428342,2020-07-25 14:46:15.342825,239,277,318,89,412,156,73,226,136,177,54,84,86,485,240,226,211,258
1595677638.7761621,2020-07-25 14:47:18.776154,239,277,318,89,412,156,73,226,136,177,54,84,86,485,240,226,211,258
1595677702.2219408,2020-07-25 14:48:22.221932,239,277,318,89,412,156,73,226,136,177,54,84,86,485,240,226,211,258
1595677765.8376033,2020-07-25 14:49:25.837595,239,277,318,89,412,156,73,226,136,177,54,84,86,485,240,226,211,258
1595677829.4412217,2020-07-25 14:50:29.441213,239,277,318,89,412,156,73,226,136,177,54,84,86,485,240,226,211,258
1595677892.933213,2020-07-25 14:51:32.933205,239,277,318,89,412,156,73,226,136,177,54,84,86,485,240,226,211,258
1595677956.463926,2020-07-25 14:52:36.463917,239,277,318,89,412,156,73,226,136,177,54,84,86,485,240,226,211,258
1595678020.1885548,2020-07-25 14:53:40.188546,239,277,318,89,412,156,73,226,136,177,54,84,86,485,240,226,211,258
1595678083.9464626,2020-07-25 14:54:43.946454,239,277,318,89,412,156,73,226,136,177,54,84,86,485,240,226,211,258
1595678147.366811,2020-07-25 14:55:47.366803,239,277,318,89,412,156,73,226,136,177,54,84,86,485,240,226,211,258
1595678210.8832762,2020-07-25 14:56:50.883267,239,277,318,89,412,156,73,226,136,177,54,84,86,485,240,226,211,258
1595678274.5523903,2020-07-25 14:57:54.552382,239,277,318,89,412,156,73,226,136,177,54,84,86,485,240,226,211,258
1595678338.1407459,2020-07-25 14:58:58.140737,239,277,318,89,412,156,73,226,136,177,54,84,86,485,240,226,211,258
1595689212.6302545,2020-07-25 18:00:12.630246,239,277,318,89,412,156,74,225,136,177,54,84,86,485,240,226,211,258
1595750417.389395,2020-07-26 11:00:17.389386,237,269,307,87,399,154,73,218,132,166,53,81,83,468,234,218,207,250
1595750481.2717977,2020-07-26 11:01:21.271789,237,269,307,87,399,154,73,218,132,166,53,81,83,468,234,218,207,250
1595750544.8453712,2020-07-26 11:02:24.845362,237,269,307,87,399,154,73,218,132,166,53,81,83,468,234,218,207,250
1595750608.3580751,2020-07-26 11:03:28.358066,237,269,307,87,399,154,73,218,132,166,53,81,83,468,234,218,207,250
1595750671.8852088,2020-07-26 11:04:31.885200,237,269,307,87,399,154,73,218,132,166,53,81,83,468,234,218,207,250
1595750735.317084,2020-07-26 11:05:35.317076,237,269,307,87,399,154,73,218,132,166,53,81,83,468,234,218,207,250
1595750798.958153,2020-07-26 11:06:38.958144,237,269,307,87,399,154,73,218,132,166,53,81,83,468,234,218,207,250
1595750862.3820848,2020-07-26 11:07:42.382076,237,269,307,87,399,154,73,218,132,166,53,81,83,468,234,218,207,250
1595750926.154308,2020-07-26 11:08:46.154299,237,269,307,87,399,154,73,218,132,166,53,81,83,468,234,218,207,250
1595750989.757539,2020-07-26 11:09:49.757531,237,269,307,87,399,154,73,218,132,166,53,81,83,468,234,218,207,250
1595751053.274191,2020-07-26 11:10:53.274182,237,269,307,87,399,154,73,218,132,166,53,81,83,468,234,218,207,250
1595751116.7779245,2020-07-26 11:11:56.777916,237,269,307,87,399,154,73,218,132,166,53,81,83,468,234,218,207,250
1595751180.4725862,2020-07-26 11:13:00.472577,237,269,307,87,399,154,73,218,132,166,53,81,83,468,234,218,207,250
1595751244.5822623,2020-07-26 11:14:04.582254,237,269,307,87,399,154,73,218,132,166,53,81,83,468,234,218,207,250
1595751308.0342426,2020-07-26 11:15:08.034234,237,269,307,87,399,154,73,218,132,166,53,81,83,468,234,218,207,250
1595751371.6419756,2020-07-26 11:16:11.641967,237,269,307,87,399,154,73,218,132,166,53,81,83,468,234,218,207,250
1595751435.1857362,2020-07-26 11:17:15.185727,237,269,307,87,399,154,73,218,132,166,53,81,83,468,234,218,207,250
1595751498.6826022,2020-07-26 11:18:18.682593,237,269,307,87,399,154,73,218,132,166,53,81,83,468,234,218,207,250
1595751562.2099066,2020-07-26 11:19:22.209898,237,269,307,87,399,154,73,218,132,166,53,81,83,468,234,218,207,250
1595751626.0371056,2020-07-26 11:20:26.037096,237,269,307,87,399,154,73,218,132,166,53,81,83,468,234,218,207,250
1595751690.4976776,2020-07-26 11:21:30.497668,237,269,307,87,399,154,73,218,132,166,53,81,83,468,234,218,207,250
1595751754.0840516,2020-07-26 11:22:34.084044,237,269,307,87,399,154,73,218,132,166,53,81,83,468,234,218,207,250
1595751817.6994898,2020-07-26 11:23:37.699480,237,269,307,87,399,154,73,218,132,166,53,81,83,468,234,218,207,250
1595751881.430286,2020-07-26 11:24:41.430277,237,269,307,87,399,154,73,218,132,166,53,81,83,468,234,218,207,250
1595751944.9411302,2020-07-26 11:25:44.941122,237,269,307,87,399,154,73,218,132,166,53,81,83,468,234,218,207,250
1595752008.6918504,2020-07-26 11:26:48.691842,237,269,307,87,399,154,73,218,132,166,53,81,83,468,234,218,207,250
1595752072.4036639,2020-07-26 11:27:52.403654,237,269,307,87,399,154,73,218,132,166,53,81,83,468,234,218,207,250
1595752135.9371395,2020-07-26 11:28:55.937132,237,269,307,87,399,154,73,218,132,166,53,81,83,468,234,218,207,250
1595752199.5001364,2020-07-26 11:29:59.500128,237,269,307,87,399,154,73,218,132,166,53,81,83,468,234,218,207,250
1595752263.7306864,2020-07-26 11:31:03.730678,237,269,307,87,399,154,73,218,132,166,53,81,83,468,234,218,207,250
1595752327.5913856,2020-07-26 11:32:07.591377,237,269,307,87,399,154,73,218,132,166,53,81,83,468,234,218,207,250
1595752391.4315352,2020-07-26 11:33:11.431527,237,269,307,87,399,154,73,218,132,166,53,81,83,468,234,218,207,250
1595752454.8360763,2020-07-26 11:34:14.836068,237,269,307,87,399,154,73,218,132,166,53,81,83,468,234,218,207,250
1595752518.4678533,2020-07-26 11:35:18.467846,237,269,307,87,399,154,73,218,132,166,53,81,83,468,234,218,207,250
1595752582.0399184,2020-07-26 11:36:22.039909,237,269,307,87,399,154,73,218,132,166,53,81,83,468,234,218,207,250
1595752645.6237965,2020-07-26 11:37:25.623788,237,269,307,87,399,154,73,218,132,166,53,81,83,468,234,218,207,250
1595752709.2616735,2020-07-26 11:38:29.261665,237,269,307,87,399,154,73,218,132,166,53,81,83,468,234,218,207,250
1595752772.7995021,2020-07-26 11:39:32.799493,237,269,307,87,399,154,73,218,132,166,53,81,83,468,234,218,207,250
1595752836.3081183,2020-07-26 11:40:36.308109,237,269,307,87,399,154,73,218,132,166,53,81,83,468,234,218,207,250
1595752899.854527,2020-07-26 11:41:39.854519,237,269,307,87,399,154,73,218,132,166,53,81,83,468,234,218,207,250
1595752963.4027476,2020-07-26 11:42:43.402738,237,269,307,87,399,154,73,218,132,166,53,81,83,468,234,218,207,250
1595753027.253441,2020-07-26 11:43:47.253432,237,269,307,87,399,154,73,218,132,166,53,81,83,468,234,218,207,250
1595753090.8303998,2020-07-26 11:44:50.830391,237,269,307,87,399,154,73,218,132,166,53,81,83,468,234,218,207,250
1595753154.4938443,2020-07-26 11:45:54.493835,237,269,307,87,399,154,73,218,132,166,53,81,83,468,234,218,207,250
1595753217.9772358,2020-07-26 11:46:57.977227,237,269,307,87,399,154,73,218,132,166,53,81,83,468,234,218,207,250
1595753281.4796278,2020-07-26 11:48:01.479620,237,269,307,87,399,154,73,218,132,166,53,81,83,468,234,218,207,250
1595753345.0751932,2020-07-26 11:49:05.075184,237,269,307,87,399,154,73,218,132,166,53,81,83,468,234,218,207,250
1595753408.4813633,2020-07-26 11:50:08.481355,237,269,307,87,399,154,73,218,132,166,53,81,83,468,234,218,207,250
1595753471.9805498,2020-07-26 11:51:11.980542,237,269,307,87,399,154,73,218,132,166,53,81,83,468,234,218,207,250
1595753535.4941332,2020-07-26 11:52:15.494125,237,269,307,87,399,154,73,218,132,166,53,81,83,468,234,218,207,250
1595753598.8679934,2020-07-26 11:53:18.867984,237,269,307,87,399,154,73,218,132,166,53,81,83,468,234,218,207,250
1595753662.395818,2020-07-26 11:54:22.395809,237,269,307,87,399,154,73,218,132,166,53,81,83,468,234,218,207,250
1595753725.797671,2020-07-26 11:55:25.797663,237,269,307,87,399,154,73,218,132,166,53,81,83,468,234,218,207,250
1595753789.209674,2020-07-26 11:56:29.209666,237,269,307,87,399,154,73,218,132,166,53,81,83,468,234,218,207,250
1595753852.7652476,2020-07-26 11:57:32.765240,237,269,307,87,399,154,73,218,132,166,53,81,83,468,234,218,207,250
1595753916.3324292,2020-07-26 11:58:36.332420,237,269,307,87,399,154,73,218,132,166,53,81,83,468,234,218,207,250
1595753979.856652,2020-07-26 11:59:39.856643,237,269,307,87,399,154,73,218,132,166,53,81,83,468,234,218,207,250
1595761250.722323,2020-07-26 14:00:50.722315,237,269,307,87,400,154,73,218,132,167,53,81,84,469,234,218,207,250
1595761314.449272,2020-07-26 14:01:54.449263,237,269,307,87,400,154,73,218,132,167,53,81,84,469,234,218,207,250
1595761377.7777944,2020-07-26 14:02:57.777786,237,269,307,87,400,154,73,218,132,167,53,81,84,469,234,218,207,250
1595761441.1797922,2020-07-26 14:04:01.179783,237,269,307,87,400,154,73,218,132,167,53,81,84,469,234,218,207,250
1595761504.7447774,2020-07-26 14:05:04.744770,237,269,307,87,400,154,73,218,132,167,53,81,84,469,234,218,207,250
1595761568.125929,2020-07-26 14:06:08.125920,237,269,307,87,400,154,73,218,132,167,53,81,84,469,234,218,207,250
1595761631.671327,2020-07-26 14:07:11.671319,237,269,307,87,400,154,73,218,132,167,53,81,84,469,234,218,207,250
1595761695.165374,2020-07-26 14:08:15.165365,237,269,307,87,400,154,73,218,132,167,53,81,84,469,234,218,207,250
1595761759.0435882,2020-07-26 14:09:19.043580,237,269,307,87,400,154,73,218,132,167,53,81,84,469,234,218,207,250
1595761823.237958,2020-07-26 14:10:23.237949,237,269,307,87,400,154,73,218,132,167,53,81,84,469,234,218,207,250
1595761886.7114913,2020-07-26 14:11:26.711483,237,269,307,87,400,154,73,218,132,167,53,81,84,469,234,218,207,250
1595761950.4722443,2020-07-26 14:12:30.472236,237,269,307,87,400,154,73,218,132,167,53,81,84,469,234,218,207,250
1595762013.885442,2020-07-26 14:13:33.885434,237,269,307,87,400,154,73,218,132,167,53,81,84,469,234,218,207,250
1595762077.2684286,2020-07-26 14:14:37.268420,237,269,307,87,400,154,73,218,132,167,53,81,84,469,234,218,207,250
1595762140.6097858,2020-07-26 14:15:40.609777,237,269,307,87,400,154,73,218,132,167,53,81,84,469,234,218,207,250
1595762204.0557132,2020-07-26 14:16:44.055705,237,269,307,87,400,154,73,218,132,167,53,81,84,469,234,218,207,250
1595762267.7280338,2020-07-26 14:17:47.728026,237,269,307,87,400,154,73,218,132,167,53,81,84,469,234,218,207,250
1595762331.9034405,2020-07-26 14:18:51.903431,237,269,307,87,400,154,73,218,132,167,53,81,84,469,234,218,207,250
1595762395.5673723,2020-07-26 14:19:55.567363,237,269,307,87,400,154,73,218,132,167,53,81,84,469,234,218,207,250
1595762459.1631815,2020-07-26 14:20:59.163173,237,269,307,87,400,154,73,218,132,167,53,81,84,469,234,218,207,250
1595762522.7575781,2020-07-26 14:22:02.757569,237,269,307,87,400,154,73,218,132,167,53,81,84,469,234,218,207,250
1595762586.2144947,2020-07-26 14:23:06.214486,237,269,307,87,400,154,73,218,132,167,53,81,84,469,234,218,207,250
1595762649.9695876,2020-07-26 14:24:09.969578,237,269,307,87,400,154,73,218,132,167,53,81,84,469,234,218,207,250
1595762713.5738373,2020-07-26 14:25:13.573829,237,269,307,87,400,154,73,218,132,167,53,81,84,469,234,218,207,250
1595762777.1224911,2020-07-26 14:26:17.122482,237,269,307,87,400,154,73,218,132,167,53,81,84,469,234,218,207,250
1595762840.498118,2020-07-26 14:27:20.498110,237,269,307,87,400,154,73,218,132,167,53,81,84,469,234,218,207,250
1595762904.2797332,2020-07-26 14:28:24.279723,237,269,307,87,400,154,73,218,132,167,53,81,84,469,234,218,207,250
1595762967.754459,2020-07-26 14:29:27.754450,237,269,307,87,400,154,73,218,132,167,53,81,84,469,234,218,207,250
1595763031.3300686,2020-07-26 14:30:31.330060,237,269,307,87,400,154,73,218,132,167,53,81,84,469,234,218,207,250
1595763094.7805722,2020-07-26 14:31:34.780563,237,269,307,87,400,154,73,218,132,167,53,81,84,469,234,218,207,250
1595763158.3831341,2020-07-26 14:32:38.383126,237,269,307,87,400,154,73,218,132,167,53,81,84,469,234,218,207,250
1595763221.8416488,2020-07-26 14:33:41.841640,237,269,307,87,400,154,73,218,132,167,53,81,84,469,234,218,207,250
1595763285.1999135,2020-07-26 14:34:45.199904,237,269,307,87,400,154,73,218,132,167,53,81,84,469,234,218,207,250
1595763348.613463,2020-07-26 14:35:48.613455,237,269,307,87,400,154,73,218,132,167,53,81,84,469,234,218,207,250
1595763412.0960548,2020-07-26 14:36:52.096046,237,269,307,87,400,154,73,218,132,167,53,81,84,469,234,218,207,250
1595763475.4970167,2020-07-26 14:37:55.497007,237,269,307,87,400,154,73,218,132,167,53,81,84,469,234,218,207,250
1595763539.057656,2020-07-26 14:38:59.057648,237,269,307,87,400,154,73,218,132,167,53,81,84,469,234,218,207,250
1595763602.5650477,2020-07-26 14:40:02.565040,237,269,307,87,400,154,73,218,132,167,53,81,84,469,234,218,207,250
1595763666.2960517,2020-07-26 14:41:06.296043,237,269,307,87,400,154,73,218,132,167,53,81,84,469,234,218,207,250
1595763729.7348115,2020-07-26 14:42:09.734804,237,269,307,87,400,154,73,218,132,167,53,81,84,469,234,218,207,250
1595763793.0670202,2020-07-26 14:43:13.067012,237,269,307,87,400,154,73,218,132,167,53,81,84,469,234,218,207,250
1595763856.5402849,2020-07-26 14:44:16.540276,237,269,307,87,400,154,73,218,132,167,53,81,84,469,234,218,207,250
1595763920.1101596,2020-07-26 14:45:20.110151,237,269,307,87,400,154,73,218,132,167,53,81,84,469,234,218,207,250
1595763983.4640577,2020-07-26 14:46:23.464050,237,269,307,87,400,154,73,218,132,167,53,81,84,469,234,218,207,250
1595764047.0203993,2020-07-26 14:47:27.020391,237,269,307,87,400,154,73,218,132,167,53,81,84,469,234,218,207,250
1595764110.5075312,2020-07-26 14:48:30.507522,237,269,307,87,400,154,73,218,132,167,53,81,84,469,234,218,207,250
1595764174.0012858,2020-07-26 14:49:34.001277,237,269,307,87,400,154,73,218,132,167,53,81,84,469,234,218,207,250
1595764237.3555558,2020-07-26 14:50:37.355547,237,269,307,87,400,154,73,218,132,167,53,81,84,469,234,218,207,250
1595764300.7345226,2020-07-26 14:51:40.734514,237,269,307,87,400,154,73,218,132,167,53,81,84,469,234,218,207,250
1595764364.2792423,2020-07-26 14:52:44.279235,237,269,307,87,400,154,73,218,132,167,53,81,84,469,234,218,207,250
1595764427.8203173,2020-07-26 14:53:47.820309,237,269,307,87,400,154,73,218,132,167,53,81,84,469,234,218,207,250
1595764491.368525,2020-07-26 14:54:51.368517,237,269,307,87,400,154,73,218,132,167,53,81,84,469,234,218,207,250
1595764554.7866733,2020-07-26 14:55:54.786665,237,269,307,87,400,154,73,218,132,167,53,81,84,469,234,218,207,250
1595764618.4102752,2020-07-26 14:56:58.410267,237,269,307,87,400,154,73,218,132,167,53,81,84,469,234,218,207,250
1595764681.8267438,2020-07-26 14:58:01.826735,237,269,307,87,400,154,73,218,132,167,53,81,84,469,234,218,207,250
1595764745.2268002,2020-07-26 14:59:05.226792,237,269,307,87,400,154,73,218,132,167,53,81,84,469,234,218,207,250
1595775619.8374388,2020-07-26 18:00:19.837429,237,269,307,87,400,154,73,218,132,167,53,81,84,469,234,218,208,251
1595836824.5835996,2020-07-27 11:00:24.583591,228,262,301,87,392,152,72,216,132,166,52,83,83,464,234,222,202,245
1595836888.34967,2020-07-27 11:01:28.349661,228,262,301,87,392,152,72,216,132,166,52,83,83,464,234,222,202,245
1595836951.7004406,2020-07-27 11:02:31.700432,228,262,301,87,392,152,72,216,132,166,52,83,83,465,234,222,202,245
1595837015.2316198,2020-07-27 11:03:35.231612,228,262,301,87,392,152,72,216,132,166,52,83,83,465,234,222,202,245
1595837078.7816718,2020-07-27 11:04:38.781664,228,262,301,87,392,152,72,216,132,166,52,83,83,465,234,222,202,245
1595837142.2534463,2020-07-27 11:05:42.253438,228,262,301,87,392,152,72,216,132,166,52,83,83,465,234,222,202,245
1595837205.84455,2020-07-27 11:06:45.844542,228,262,301,87,392,152,72,216,133,166,52,83,83,465,234,222,202,245
1595837269.3826718,2020-07-27 11:07:49.382663,228,262,301,87,392,152,72,216,133,166,52,83,83,465,234,222,202,245
1595837332.984273,2020-07-27 11:08:52.984264,229,262,301,87,392,152,72,216,133,166,52,83,83,465,234,223,202,245
1595837396.279756,2020-07-27 11:09:56.279747,229,262,301,87,392,152,72,216,133,166,52,83,83,465,234,223,202,245
1595837459.8482716,2020-07-27 11:10:59.848263,229,262,301,87,392,152,72,216,133,166,52,83,83,465,234,223,202,245
1595837523.956626,2020-07-27 11:12:03.956617,229,262,301,87,392,152,72,216,133,166,52,83,83,465,234,223,202,245
1595837587.3002138,2020-07-27 11:13:07.300204,229,262,301,87,392,152,72,216,133,166,52,83,83,465,234,223,202,245
1595837650.766995,2020-07-27 11:14:10.766987,229,262,301,87,392,152,72,216,133,166,52,83,83,465,234,223,202,245
1595837714.342941,2020-07-27 11:15:14.342932,229,262,301,87,392,152,72,216,133,166,52,83,83,465,234,223,202,245
1595837777.7903178,2020-07-27 11:16:17.790309,229,262,301,87,392,152,72,216,133,166,52,83,83,465,234,223,202,245
1595837841.4158852,2020-07-27 11:17:21.415877,229,262,302,87,392,152,72,217,133,166,52,83,84,465,234,223,202,246
1595837905.2240171,2020-07-27 11:18:25.224009,229,262,302,87,392,152,72,217,133,166,52,84,84,465,234,223,202,246
1595837969.5394151,2020-07-27 11:19:29.539407,230,262,302,87,392,152,72,217,133,166,52,84,84,465,234,223,202,246
1595838032.9150898,2020-07-27 11:20:32.915081,230,262,302,87,392,152,72,218,133,166,52,84,84,465,234,223,202,246
1595838096.2714097,2020-07-27 11:21:36.271402,230,262,302,87,392,152,72,219,133,166,52,84,84,465,234,223,202,246
1595838159.6418371,2020-07-27 11:22:39.641829,230,262,302,87,392,152,72,219,133,166,52,84,84,465,234,223,203,246
1595838223.4332144,2020-07-27 11:23:43.433206,230,262,302,87,392,152,72,219,133,166,52,84,84,465,234,223,203,246
1595838287.1758447,2020-07-27 11:24:47.175836,230,262,302,87,393,152,72,219,133,166,52,84,84,465,234,223,203,246
1595838350.8497813,2020-07-27 11:25:50.849773,230,262,302,87,393,152,72,219,133,166,52,84,84,465,234,223,203,246
1595838414.2970674,2020-07-27 11:26:54.297059,230,262,302,87,393,152,72,219,133,167,52,84,84,465,234,223,203,246
1595838478.0369291,2020-07-27 11:27:58.036920,230,262,302,87,393,152,72,219,133,167,52,84,84,465,234,223,203,246
1595838543.5112422,2020-07-27 11:29:03.511234,230,262,302,87,393,152,72,219,133,167,52,84,84,465,234,223,203,246
1595838606.9500983,2020-07-27 11:30:06.950090,230,262,302,87,393,152,72,219,133,167,53,84,84,465,234,224,203,246
1595838670.7944663,2020-07-27 11:31:10.794458,230,262,302,88,393,152,72,219,133,167,53,84,84,465,234,224,203,246
1595838734.25123,2020-07-27 11:32:14.251221,230,262,302,88,394,152,72,219,133,167,53,84,84,465,234,225,203,246
1595838797.8625736,2020-07-27 11:33:17.862565,230,262,302,88,394,152,72,219,133,167,53,84,84,465,234,225,203,246
1595838861.447538,2020-07-27 11:34:21.447530,230,262,302,88,394,152,72,219,133,167,53,84,84,465,235,225,203,246
1595838925.120446,2020-07-27 11:35:25.120437,230,262,302,88,394,152,72,219,133,167,53,84,84,465,235,225,203,246
1595838988.7630415,2020-07-27 11:36:28.763032,230,262,302,88,394,152,72,219,133,167,53,84,84,466,235,225,203,246
1595839052.244091,2020-07-27 11:37:32.244082,230,262,302,88,394,152,72,219,133,167,53,84,84,466,236,226,203,246
1595839117.8837612,2020-07-27 11:38:37.883753,230,262,302,88,394,152,72,219,133,167,53,84,84,466,236,226,203,246
1595839181.860371,2020-07-27 11:39:41.860362,230,262,302,88,394,152,72,219,133,167,53,84,84,466,236,226,203,246
1595839245.4457304,2020-07-27 11:40:45.445723,230,261,302,88,394,152,72,219,133,167,53,84,84,466,236,226,203,246
1595839308.8903966,2020-07-27 11:41:48.890388,230,261,302,88,394,152,72,219,133,167,53,84,84,466,236,226,203,246
1595839372.7485461,2020-07-27 11:42:52.748537,232,261,302,88,394,152,72,219,133,167,53,84,84,466,236,226,203,246
1595839436.3138447,2020-07-27 11:43:56.313836,232,261,302,88,394,152,72,219,133,167,53,84,84,465,236,226,203,246
1595839500.3781557,2020-07-27 11:45:00.378147,232,260,302,88,394,152,72,219,133,167,53,84,84,465,236,226,203,246
1595839565.867108,2020-07-27 11:46:05.867099,232,260,302,88,394,151,72,219,132,167,53,84,84,465,236,226,203,246
1595839629.537932,2020-07-27 11:47:09.537923,232,260,302,88,394,151,72,219,132,167,53,84,84,465,236,226,203,246
1595839692.9149394,2020-07-27 11:48:12.914931,232,260,302,88,395,151,72,219,132,167,53,84,84,465,236,227,203,246
1595839756.5265799,2020-07-27 11:49:16.526571,232,260,302,88,395,151,72,219,132,168,53,84,84,464,236,227,203,246
1595839819.8920467,2020-07-27 11:50:19.892037,232,261,302,88,395,151,72,219,132,168,53,84,84,464,236,227,203,246
1595839883.4791887,2020-07-27 11:51:23.479180,232,261,302,88,396,151,72,219,132,168,53,84,84,463,236,228,203,246
1595839947.7207031,2020-07-27 11:52:27.720695,232,261,302,88,396,151,72,219,132,168,53,85,84,463,236,228,203,246
1595840011.3100736,2020-07-27 11:53:31.310064,232,261,302,88,396,151,72,219,132,168,53,85,84,463,236,228,203,246
1595840074.89998,2020-07-27 11:54:34.899972,232,261,302,88,396,151,72,219,132,168,53,85,84,464,236,228,203,246
1595840138.4033146,2020-07-27 11:55:38.403306,232,261,302,88,396,151,72,219,132,168,53,85,84,465,236,228,203,246
1595840201.8578882,2020-07-27 11:56:41.857880,232,261,302,88,396,151,72,219,132,168,53,85,84,465,236,228,203,246
1595840265.4072382,2020-07-27 11:57:45.407229,232,261,302,88,396,151,72,219,132,168,53,85,84,465,236,228,203,246
1595840328.8976712,2020-07-27 11:58:48.897662,232,261,302,88,397,151,72,219,132,168,53,85,84,465,236,228,203,246
1595840392.7674224,2020-07-27 11:59:52.767413,232,261,302,88,398,151,72,219,132,168,53,85,84,465,236,228,203,246
1595847603.385354,2020-07-27 14:00:03.385346,236,264,300,90,402,153,73,216,133,170,54,86,85,472,241,232,207,251
1595847669.9799488,2020-07-27 14:01:09.979940,236,264,300,90,402,153,73,216,133,170,54,86,85,472,241,232,207,251
1595847733.518356,2020-07-27 14:02:13.518347,236,264,300,90,402,153,73,216,133,170,54,86,85,472,241,232,207,251
1595847796.8832,2020-07-27 14:03:16.883192,236,264,300,90,402,153,73,216,133,170,54,86,85,472,241,232,207,251
1595847860.8094122,2020-07-27 14:04:20.809404,236,264,300,90,402,153,73,216,133,170,54,86,85,472,241,232,207,251
1595847924.2256243,2020-07-27 14:05:24.225615,236,264,300,90,402,153,73,216,133,170,54,86,85,472,241,232,207,251
1595847988.1711476,2020-07-27 14:06:28.171139,235,264,300,90,402,153,73,216,133,170,54,86,85,472,241,232,207,251
1595848051.6583178,2020-07-27 14:07:31.658308,235,264,300,90,402,153,73,217,133,170,54,86,85,472,241,232,207,251
1595848115.150111,2020-07-27 14:08:35.150102,235,264,300,90,402,153,73,217,133,170,54,86,85,472,241,232,207,251
1595848179.7567074,2020-07-27 14:09:39.756699,235,264,300,90,402,153,73,217,133,170,54,86,85,472,241,232,207,251
1595848244.4811068,2020-07-27 14:10:44.481097,235,264,300,90,402,153,73,217,133,170,54,86,85,473,241,232,207,251
1595848308.697915,2020-07-27 14:11:48.697907,235,264,300,90,402,153,73,217,133,170,54,86,85,473,241,232,207,251
1595848372.9127383,2020-07-27 14:12:52.912730,235,264,300,90,402,153,73,217,133,170,54,86,85,473,241,232,207,251
1595848436.5855494,2020-07-27 14:13:56.585540,235,264,300,90,402,153,73,217,133,170,54,86,85,473,241,232,207,251
1595848500.5839787,2020-07-27 14:15:00.583971,235,264,300,90,402,153,73,218,133,170,54,86,85,473,241,232,207,251
1595848565.566453,2020-07-27 14:16:05.566445,235,264,300,90,402,153,73,218,133,170,54,86,85,473,241,232,207,251
1595848629.1033275,2020-07-27 14:17:09.103319,235,264,300,90,402,153,73,218,133,170,54,86,85,473,241,232,207,251
1595848692.6299577,2020-07-27 14:18:12.629949,235,264,300,90,403,153,73,218,133,170,54,86,85,473,241,232,207,251
1595848756.1787207,2020-07-27 14:19:16.178713,235,264,300,90,403,153,73,218,133,170,54,86,85,473,241,232,207,251
1595848819.983024,2020-07-27 14:20:19.983016,235,264,300,90,403,153,73,218,133,170,54,86,85,473,241,232,207,251
1595848883.7659035,2020-07-27 14:21:23.765895,235,264,300,90,403,153,73,218,133,170,54,86,86,474,241,232,207,251
1595848947.3005004,2020-07-27 14:22:27.300492,235,264,300,90,403,153,73,218,133,170,54,86,86,474,241,232,207,251
1595849010.6640246,2020-07-27 14:23:30.664015,235,264,300,90,403,153,73,218,133,170,54,87,86,474,241,232,207,251
1595849074.1698651,2020-07-27 14:24:34.169857,235,264,300,90,403,153,73,218,133,170,54,87,86,474,241,232,207,251
1595849137.8126016,2020-07-27 14:25:37.812593,235,264,300,90,403,153,73,218,133,170,54,87,86,474,241,232,207,251
1595849201.3408885,2020-07-27 14:26:41.340881,235,264,300,90,403,153,73,218,133,170,54,87,86,474,241,232,207,251
1595849264.9860084,2020-07-27 14:27:44.986000,235,264,300,90,403,153,73,218,133,170,54,87,86,474,241,232,207,251
1595849328.3207667,2020-07-27 14:28:48.320758,235,264,300,90,403,153,73,218,133,170,54,87,86,474,241,232,207,251
1595849391.8023076,2020-07-27 14:29:51.802299,235,264,300,90,403,153,73,218,133,170,54,87,86,474,241,232,207,251
1595849455.3914142,2020-07-27 14:30:55.391406,235,264,300,90,403,153,73,218,133,170,54,87,86,474,241,232,207,251
1595849518.918538,2020-07-27 14:31:58.918529,235,264,300,90,403,153,73,218,133,170,54,87,86,474,241,232,207,251
1595849583.179118,2020-07-27 14:33:03.179109,235,264,300,90,403,153,73,219,133,170,54,87,86,474,241,232,207,251
1595849647.4634526,2020-07-27 14:34:07.463445,235,264,300,90,403,153,73,219,133,170,54,87,86,474,241,232,207,251
1595849710.9315305,2020-07-27 14:35:10.931523,235,264,300,90,403,153,73,219,133,170,54,87,86,474,241,232,207,251
1595849774.6000302,2020-07-27 14:36:14.600022,235,264,300,90,403,153,73,219,133,170,54,87,86,474,241,232,208,251
1595849838.0604107,2020-07-27 14:37:18.060403,235,264,300,90,403,153,73,219,133,170,54,87,86,474,241,232,209,251
1595849901.6995227,2020-07-27 14:38:21.699514,235,264,300,90,403,153,73,219,133,170,54,87,86,474,241,232,209,251
1595849965.1388566,2020-07-27 14:39:25.138848,235,264,300,90,403,153,73,219,133,170,54,87,86,474,241,232,209,251
1595850028.5769408,2020-07-27 14:40:28.576933,235,264,300,90,403,153,73,219,133,170,54,87,86,474,241,232,209,251
1595850092.1172721,2020-07-27 14:41:32.117264,235,264,300,90,403,153,73,219,133,170,54,87,86,474,241,232,209,251
1595850155.5727437,2020-07-27 14:42:35.572735,235,264,300,90,403,153,73,219,133,170,54,87,86,474,241,232,209,251
1595850218.9379437,2020-07-27 14:43:38.937936,235,264,300,90,403,153,73,219,133,170,54,87,86,474,241,232,209,251
1595850282.5954921,2020-07-27 14:44:42.595484,235,264,300,90,403,153,73,219,133,170,54,87,86,474,241,232,209,251
1595850346.5376387,2020-07-27 14:45:46.537630,235,264,300,90,403,153,74,219,133,170,54,87,86,474,241,233,210,251
1595850410.7046638,2020-07-27 14:46:50.704656,235,264,300,90,403,153,74,219,133,170,54,87,86,474,241,233,210,251
1595850479.3521032,2020-07-27 14:47:59.352095,235,264,300,90,403,153,74,219,133,170,54,87,86,474,241,233,210,251
1595850543.021009,2020-07-27 14:49:03.021000,235,264,300,90,403,153,74,219,133,170,54,87,86,474,241,233,210,251
1595850606.7669888,2020-07-27 14:50:06.766981,235,264,300,90,403,153,74,219,133,170,54,87,86,474,241,233,211,251
1595850671.3977182,2020-07-27 14:51:11.397710,235,264,300,90,403,153,74,219,133,170,54,87,86,474,241,233,211,251
1595850736.558157,2020-07-27 14:52:16.558148,235,264,300,90,403,153,74,219,133,170,55,87,86,474,241,233,211,251
1595850800.0499675,2020-07-27 14:53:20.049959,235,264,300,90,403,153,74,219,133,170,55,87,86,474,241,233,211,251
1595850863.9941983,2020-07-27 14:54:23.994189,235,265,300,90,403,153,74,218,133,170,55,87,86,474,241,233,211,251
1595850927.6480882,2020-07-27 14:55:27.648080,235,265,300,90,403,153,74,218,133,170,55,87,86,474,242,233,211,251
1595850991.1358912,2020-07-27 14:56:31.135883,235,265,300,90,403,153,74,218,133,170,55,87,86,474,242,233,211,251
1595851055.2735324,2020-07-27 14:57:35.273524,235,265,300,90,403,153,74,218,133,170,55,87,86,474,242,233,211,251
1595851118.66968,2020-07-27 14:58:38.669672,235,265,300,90,403,153,74,218,133,170,55,87,86,474,242,233,211,251
1595851182.3047895,2020-07-27 14:59:42.304781,235,265,300,90,403,153,74,218,133,170,55,87,86,474,242,233,211,251
1595862052.1314154,2020-07-27 18:00:52.131406,237,271,303,91,410,159,73,221,133,171,54,88,86,489,243,237,212,256
1595869205.4473495,2020-07-27 20:00:05.447340,239,272,303,91,414,158,74,223,133,172,54,88,86,490,245,238,213,257
1595916060.5091999,2020-07-28 09:01:00.509191,238,269,303,90,414,159,74,223,133,172,54,87,86,489,243,239,212,260
1595919611.6730046,2020-07-28 10:00:11.672996,240,268,303,90,414,159,74,223,133,172,54,87,87,489,243,239,212,260
1595926825.5888317,2020-07-28 12:00:25.588822,242,269,306,92,418,159,73,224,134,172,54,87,87,491,244,243,213,260
1595934039.311536,2020-07-28 14:00:39.311528,247,271,306,92,425,160,74,225,134,174,55,87,88,493,247,241,213,264
1595948459.8337276,2020-07-28 18:00:59.833719,254,278,312,94,427,161,74,227,135,174,56,89,89,504,247,243,215,264
1595955614.3756185,2020-07-28 20:00:14.375610,255,279,314,94,426,161,74,228,135,175,56,90,89,505,247,244,216,266
1596002407.735018,2020-07-29 09:00:07.735010,252,278,313,94,425,161,74,228,136,176,56,91,89,503,246,245,215,265
1596006017.4732838,2020-07-29 10:00:17.473275,252,278,311,94,424,162,74,228,136,176,56,91,89,503,247,246,215,265
1596013231.0575178,2020-07-29 12:00:31.057509,254,280,313,96,425,164,76,229,137,175,56,94,88,507,249,245,217,264
1596020444.4301367,2020-07-29 14:00:44.430128,255,284,316,98,428,165,79,231,139,175,57,96,90,508,249,248,222,264
1596034805.654841,2020-07-29 18:00:05.654832,260,287,324,100,433,167,79,232,139,179,58,97,90,514,254,254,226,269
1596042022.6042058,2020-07-29 20:00:22.604197,262,288,326,100,433,169,79,232,139,179,58,98,90,521,254,254,226,273
1596088815.313565,2020-07-30 09:00:15.313557,253,285,327,98,430,168,79,231,138,173,58,97,90,514,252,248,225,272
1596092424.8517008,2020-07-30 10:00:24.851692,253,286,327,98,430,168,79,231,139,173,58,97,90,515,252,248,225,271
1596099638.448863,2020-07-30 12:00:38.448854,254,289,329,98,429,169,80,231,138,175,58,98,90,522,252,250,226,275
1596106851.7549398,2020-07-30 14:00:51.754932,256,289,329,99,431,171,79,232,139,176,60,98,90,523,251,255,226,278
1596121213.128174,2020-07-30 18:00:13.128166,261,296,332,101,445,169,79,234,144,177,62,99,93,531,252,255,232,279
1596128426.5128374,2020-07-30 20:00:26.512828,261,297,332,101,447,170,79,234,144,177,62,99,92,530,250,256,232,280
1596175219.4946594,2020-07-31 09:00:19.494651,251,284,316,95,431,168,76,226,140,170,57,95,87,509,238,248,219,269
1596178829.0396197,2020-07-31 10:00:29.039611,251,284,315,95,431,168,76,226,140,170,57,95,88,509,238,248,219,269
1596186042.2519257,2020-07-31 12:00:42.251918,252,286,318,95,432,169,75,230,140,171,58,97,88,517,241,249,220,271
1596193255.584197,2020-07-31 14:00:55.584188,252,289,318,95,433,171,75,234,142,173,58,97,88,523,243,249,221,273
1596207616.002178,2020-07-31 18:00:16.002169,260,293,323,99,438,171,75,240,141,177,60,97,88,533,242,252,220,274
1596214834.5009265,2020-07-31 20:00:34.500917,260,292,325,99,438,169,75,242,142,176,60,98,90,536,243,252,222,276
1596261628.241823,2020-08-01 09:00:28.241814,260,291,325,99,437,168,75,241,142,176,60,98,90,537,243,252,222,276
1596265237.955556,2020-08-01 10:00:37.955548,260,291,325,99,437,168,75,241,142,176,60,98,90,537,243,252,221,277
1596272451.0097625,2020-08-01 12:00:51.009754,260,291,325,99,437,168,75,241,142,176,60,98,90,537,243,253,221,277
1596279604.58454,2020-08-01 14:00:04.584531,260,291,325,99,437,168,75,241,142,176,60,98,90,536,244,253,221,277
1596294025.2343419,2020-08-01 18:00:25.234334,260,291,325,99,438,168,75,241,142,176,60,98,90,536,244,253,221,277
1596301238.6121655,2020-08-01 20:00:38.612156,260,291,326,99,438,168,75,241,142,176,60,98,90,536,244,254,221,277
1596348031.4498987,2020-08-02 09:00:31.449890,253,274,309,93,426,158,72,228,137,164,57,93,87,501,233,241,208,261
1596351640.982461,2020-08-02 10:00:40.982452,253,274,309,93,426,158,72,228,137,164,57,93,87,501,233,241,208,261
1596358854.3967872,2020-08-02 12:00:54.396777,254,275,309,93,427,158,72,231,137,164,58,93,87,501,233,242,209,262
1596366007.479209,2020-08-02 14:00:07.479200,254,275,309,93,427,158,72,231,137,164,58,93,87,501,233,242,209,262
1596380428.4523714,2020-08-02 18:00:28.452362,254,275,310,93,428,160,73,231,137,164,58,93,87,501,233,242,209,262
1596387642.4104948,2020-08-02 20:00:42.410486,254,275,310,93,428,160,73,232,137,164,58,93,87,501,233,242,209,262
1596434436.4993103,2020-08-03 09:00:36.499302,244,264,301,92,404,150,70,222,130,161,56,86,83,484,218,236,197,249
1596438047.0699725,2020-08-03 10:00:47.069963,245,263,304,92,405,150,70,222,131,162,56,86,82,484,218,236,197,250
1596445261.3017476,2020-08-03 12:01:01.301739,247,264,308,94,412,152,73,225,136,167,58,89,83,496,220,240,200,254
1596452415.4182549,2020-08-03 14:00:15.418245,252,265,315,96,418,150,75,226,136,169,59,91,85,508,223,241,203,256
1596466836.4107661,2020-08-03 18:00:36.410758,253,270,323,99,431,150,75,233,138,174,60,95,90,520,231,246,209,266
1596474050.8746972,2020-08-03 20:00:50.874688,256,272,326,100,433,150,74,233,138,175,59,95,90,523,231,246,211,269
1596520845.588017,2020-08-04 09:00:45.588008,251,257,311,98,419,148,71,227,134,168,59,90,92,504,223,235,206,265
1596524455.300887,2020-08-04 10:00:55.300878,251,257,314,98,419,148,72,227,134,168,59,90,92,505,223,235,206,266
1596531608.821227,2020-08-04 12:00:08.821218,253,264,323,97,425,149,72,231,135,172,60,91,92,515,229,237,211,272
1596538822.6722271,2020-08-04 14:00:22.672219,254,268,327,98,431,149,73,235,136,173,60,90,92,523,231,237,212,275
1596553244.8403385,2020-08-04 18:00:44.840330,252,268,339,98,443,148,74,239,138,176,61,93,91,536,238,238,218,282
1596560460.0295508,2020-08-04 20:01:00.029542,251,267,343,98,444,150,76,239,138,176,61,93,90,537,238,240,219,282
1596607254.9957683,2020-08-05 09:00:54.995758,250,267,342,99,441,150,76,239,139,179,61,95,90,535,239,239,219,282
1596610804.4232233,2020-08-05 10:00:04.423214,251,267,344,99,441,151,76,240,141,179,61,95,90,540,240,239,220,284
1596618017.5708375,2020-08-05 12:00:17.570828,251,271,348,99,444,153,76,244,142,179,61,97,90,544,245,242,220,286
1596625231.0967247,2020-08-05 14:00:31.096716,253,271,350,99,450,155,78,248,144,179,62,97,91,538,245,245,219,294
1596639652.1443598,2020-08-05 18:00:52.144351,257,274,355,101,455,161,80,249,144,182,63,97,93,550,245,251,221,299
1596646805.761817,2020-08-05 20:00:05.761808,257,277,358,101,456,161,80,250,145,183,64,98,94,553,245,253,220,302
1596693660.5177178,2020-08-06 09:01:00.517709,257,277,359,101,454,162,79,250,145,182,64,97,93,552,244,253,218,301
1596697210.669587,2020-08-06 10:00:10.669577,258,277,359,101,455,163,79,250,145,182,64,97,93,553,244,253,218,301
1596704424.117915,2020-08-06 12:00:24.117906,258,278,361,101,458,164,79,250,147,183,64,97,93,558,245,254,222,298
1596711637.731356,2020-08-06 14:00:37.731346,258,279,365,102,459,164,79,250,149,184,64,97,95,561,246,253,222,300
1596726058.866504,2020-08-06 18:00:58.866495,261,282,371,104,464,168,80,253,150,184,62,100,95,568,247,256,219,304
1596733212.7154796,2020-08-06 20:00:12.715470,261,281,370,104,464,168,80,252,151,185,63,100,94,572,249,256,220,306
1596780006.7677488,2020-08-07 09:00:06.767740,244,267,347,103,441,159,77,239,143,178,62,98,90,543,233,247,216,292
1596783616.674891,2020-08-07 10:00:16.674882,244,268,347,103,441,159,79,239,143,178,62,98,90,544,233,248,217,293
1596790830.1079345,2020-08-07 12:00:30.107925,248,270,349,103,445,161,80,241,146,181,63,97,88,554,233,252,222,295
1596798043.7327647,2020-08-07 14:00:43.732755,251,273,351,104,448,162,80,242,149,181,63,98,89,554,237,253,223,298
1596812404.6297956,2020-08-07 18:00:04.629787,256,274,355,106,453,164,82,242,152,183,64,99,89,566,238,262,224,296
1596819618.2541928,2020-08-07 20:00:18.254184,256,275,353,107,460,164,82,248,152,182,64,99,88,569,237,261,224,297
1596866412.6234899,2020-08-08 09:00:12.623481,239,256,340,99,439,155,81,241,140,170,61,96,82,540,222,248,208,281
1596870022.1942239,2020-08-08 10:00:22.194215,240,256,340,99,439,155,81,241,140,170,61,96,82,540,222,248,208,281
1596877235.3524098,2020-08-08 12:00:35.352401,240,256,340,99,440,155,81,241,140,171,61,96,82,540,222,248,208,281
1596884448.820647,2020-08-08 14:00:48.820639,241,256,340,99,440,155,81,241,140,171,61,96,82,540,222,248,208,281
1596898809.580139,2020-08-08 18:00:09.580131,241,256,340,99,441,157,81,241,140,171,62,96,82,539,222,249,208,281
1596906023.0779598,2020-08-08 20:00:23.077952,241,257,340,99,441,157,81,241,140,171,62,96,82,539,222,249,208,281
1596952816.9472272,2020-08-09 09:00:16.947219,238,252,331,96,428,149,80,235,133,163,60,93,80,531,210,237,203,276
1596956426.704726,2020-08-09 10:00:26.704719,238,252,331,96,428,149,80,235,133,163,60,93,80,531,210,237,203,276
1596963639.8605332,2020-08-09 12:00:39.860525,238,252,331,96,428,149,80,235,133,163,60,93,80,531,210,238,203,277
1596970853.765913,2020-08-09 14:00:53.765905,238,252,332,97,428,149,80,235,133,163,60,93,80,532,210,238,203,277
1596985214.236639,2020-08-09 18:00:14.236630,238,253,333,97,428,149,80,235,134,164,60,93,80,532,210,238,203,277
1596992427.825596,2020-08-09 20:00:27.825587,238,253,333,97,428,149,80,235,134,165,60,93,80,533,211,238,203,277
1597039220.979676,2020-08-10 09:00:20.979667,233,247,326,94,412,145,77,226,132,161,58,88,79,520,206,232,195,265
1597042831.4085722,2020-08-10 10:00:31.408564,233,248,327,94,412,145,77,227,132,162,58,86,79,520,206,232,195,265
1597050045.4612212,2020-08-10 12:00:45.461212,242,248,329,94,415,145,78,231,133,163,59,86,80,530,207,235,197,265
1597057258.77665,2020-08-10 14:00:58.776641,243,248,332,94,419,147,78,234,136,164,59,86,82,544,210,235,203,270
1597071619.5219562,2020-08-10 18:00:19.521948,250,254,339,99,428,155,79,237,133,170,59,90,82,555,214,239,204,275
1597078838.496834,2020-08-10 20:00:38.496825,251,253,340,100,430,156,80,238,133,170,59,91,82,555,216,240,204,278
1597125631.6090736,2020-08-11 09:00:31.609065,248,243,327,93,406,151,76,229,130,163,57,88,80,541,209,228,196,269
1597129241.6560962,2020-08-11 10:00:41.656087,248,245,327,93,407,151,76,231,130,163,57,88,81,542,209,228,196,269
1597136455.2104096,2020-08-11 12:00:55.210401,250,248,330,97,415,152,77,232,131,165,58,89,82,549,214,236,198,271
1597143608.474424,2020-08-11 14:00:08.474416,254,255,333,97,418,153,77,236,133,168,58,88,82,557,217,240,200,273
1597158029.013694,2020-08-11 18:00:29.013686,262,263,340,97,433,160,78,241,137,173,60,89,83,563,224,244,208,281
1597165242.142808,2020-08-11 20:00:42.142800,263,264,346,97,434,163,77,241,138,173,60,89,83,563,226,244,208,285
1597212035.0178761,2020-08-12 09:00:35.017868,261,262,347,97,429,163,78,241,139,175,61,88,84,563,225,243,209,286
1597215646.4209146,2020-08-12 10:00:46.420906,261,262,347,97,430,164,78,241,139,176,61,88,84,564,226,242,209,287
1597222860.25448,2020-08-12 12:01:00.254472,264,266,350,99,431,166,78,243,140,176,62,89,85,563,228,244,212,291
1597230015.023738,2020-08-12 14:00:15.023729,266,267,352,101,438,169,79,244,140,178,62,89,87,564,231,246,213,294
1597244436.0746014,2020-08-12 18:00:36.074592,267,274,355,104,442,171,79,246,139,178,63,92,90,574,234,253,216,298
1597251650.2155848,2020-08-12 20:00:50.215576,268,274,357,107,445,172,79,248,139,178,63,93,90,575,237,254,216,298
1597298443.166974,2020-08-13 09:00:43.166965,269,276,356,107,445,172,79,248,139,177,63,94,90,572,238,253,215,298
1597302053.3461735,2020-08-13 10:00:53.346165,268,276,356,108,443,172,80,251,140,177,63,94,90,571,238,253,215,298
1597309206.1397815,2020-08-13 12:00:06.139774,268,276,360,108,443,172,80,252,140,180,63,95,91,572,238,252,216,300
1597316420.1318026,2020-08-13 14:00:20.131795,270,279,360,108,445,175,82,251,142,179,63,97,91,576,240,253,217,300
1597330840.76283,2020-08-13 18:00:40.762821,275,282,364,110,445,181,84,252,143,182,64,99,96,590,242,256,225,304
1597338054.2683935,2020-08-13 20:00:54.268384,274,283,364,110,442,182,84,249,143,182,64,99,96,590,243,258,226,304
1598162415.206263,2020-08-23 09:00:15.206254,280,279,325,100,450,180,80,219,131,177,62,102,92,553,238,257,211,302
1598166025.671644,2020-08-23 10:00:25.671635,280,279,324,100,450,180,80,219,131,177,62,102,92,553,238,257,211,302
1598173239.160788,2020-08-23 12:00:39.160779,280,280,324,100,450,180,81,219,131,177,62,102,92,553,238,257,211,302
1598180452.2102668,2020-08-23 14:00:52.210258,280,280,324,100,450,180,81,219,131,177,62,102,92,553,238,257,211,302
1598194812.5694919,2020-08-23 18:00:12.569483,280,280,324,100,450,180,81,220,131,177,62,102,92,554,238,257,211,303
1598202025.8232205,2020-08-23 20:00:25.823212,280,280,324,100,450,180,81,220,131,177,62,102,92,554,238,257,211,303
1598248859.511319,2020-08-24 09:00:59.511310,272,270,318,97,441,177,79,210,125,169,59,100,88,538,233,251,201,293
1598252409.8626385,2020-08-24 10:00:09.862630,272,270,318,97,441,177,79,210,125,169,59,100,88,538,233,251,201,293
1598259623.3951957,2020-08-24 12:00:23.395187,272,270,319,97,441,177,80,211,126,169,59,100,88,538,233,251,202,293
1598266837.0218666,2020-08-24 14:00:37.021857,272,270,319,97,442,176,80,212,127,170,59,100,88,539,233,251,202,294
1598281258.0981727,2020-08-24 18:00:58.098164,273,270,320,97,443,176,81,212,127,170,59,100,89,541,234,251,202,295
1598288412.7961156,2020-08-24 20:00:12.796107,273,270,320,97,443,176,82,214,128,170,60,100,89,542,234,251,203,295
1598421601.3478053,2020-08-26 09:00:01.347797,283,277,325,96,439,183,75,226,123,172,61,104,88,549,239,250,209,308
1598425213.7624776,2020-08-26 10:00:13.762469,283,278,325,96,440,185,74,228,123,174,61,104,88,548,239,251,209,308
1598432427.196779,2020-08-26 12:00:27.196770,287,281,330,97,449,186,75,229,126,176,62,105,87,557,244,254,212,311
1598439640.6400335,2020-08-26 14:00:40.640025,286,283,331,99,456,186,78,230,127,174,66,105,87,558,246,254,216,311
1598454001.2493505,2020-08-26 18:00:01.249342,293,285,339,107,467,190,80,234,127,178,67,105,88,575,245,261,217,319
1598461217.1526968,2020-08-26 20:00:17.152688,294,287,340,107,472,193,80,235,128,179,67,105,88,576,247,262,217,319
1598508060.6603067,2020-08-27 09:01:00.660299,294,287,342,108,470,193,80,235,130,178,67,107,89,578,245,261,216,320
1598511610.7832186,2020-08-27 10:00:10.783210,294,287,342,108,470,194,81,235,130,178,67,107,89,581,246,261,216,321
1598518824.2471309,2020-08-27 12:00:24.247122,301,292,345,110,473,196,81,238,132,180,67,106,90,581,249,260,216,327
1598526038.626916,2020-08-27 14:00:38.626906,301,294,347,109,477,195,81,238,132,181,68,104,92,585,249,262,218,327
1598540459.9378371,2020-08-27 18:00:59.937829,301,304,352,111,486,198,82,240,133,184,69,106,93,592,250,268,222,337
1598547614.047434,2020-08-27 20:00:14.047427,302,308,352,112,489,199,82,240,134,184,70,106,94,595,250,269,224,339
1598594460.2055206,2020-08-28 09:01:00.205513,292,296,343,107,461,193,79,232,132,179,66,99,92,569,239,255,215,325
1598598010.213208,2020-08-28 10:00:10.213200,293,296,343,107,461,193,79,231,132,180,66,99,92,569,239,255,215,325
1598605223.6112463,2020-08-28 12:00:23.611238,294,302,347,107,468,193,79,232,133,180,67,99,92,574,245,254,218,331
1598612437.7873092,2020-08-28 14:00:37.787300,296,308,353,107,474,193,80,235,134,181,67,100,94,575,244,258,218,334
1598626857.7558167,2020-08-28 18:00:57.755808,296,309,357,108,478,197,80,238,137,183,67,102,95,577,246,262,216,338
1598634011.7993739,2020-08-28 20:00:11.799365,300,309,357,109,480,199,80,238,138,184,67,103,96,581,245,262,216,337
1598680860.557991,2020-08-29 09:01:00.557981,288,302,345,105,463,197,78,233,136,181,65,101,93,561,241,254,213,327
1598684410.5258272,2020-08-29 10:00:10.525819,288,302,345,105,463,197,78,233,136,181,65,101,93,561,241,254,213,325
1598691623.7180398,2020-08-29 12:00:23.718031,288,302,345,105,463,198,78,233,136,181,65,102,93,562,241,254,213,326
1598698837.0533357,2020-08-29 14:00:37.053327,288,302,345,106,463,198,78,233,136,182,65,102,93,562,241,254,213,327
1598713257.7316208,2020-08-29 18:00:57.731613,288,301,345,106,463,198,78,233,136,182,65,102,93,563,241,254,213,327
1598720411.1481557,2020-08-29 20:00:11.148147,288,301,345,106,463,198,78,233,136,182,65,102,93,563,241,254,213,327
1598767201.2973287,2020-08-30 09:00:01.297320,278,291,333,100,447,192,74,227,131,178,61,95,90,547,236,245,207,317
1598770812.9187155,2020-08-30 10:00:12.918707,279,291,333,100,447,192,74,227,131,177,61,95,90,547,236,245,207,317
1598778026.36906,2020-08-30 12:00:26.369051,279,292,333,100,447,193,74,227,131,177,61,95,90,547,236,245,207,317
1598785239.4629035,2020-08-30 14:00:39.462895,279,291,333,100,447,192,74,227,131,177,61,95,90,548,236,245,207,317
1598799659.843101,2020-08-30 18:00:59.843092,279,291,333,100,447,192,74,227,131,177,61,96,91,548,236,245,207,318
1598806813.6018848,2020-08-30 20:00:13.601876,279,291,333,100,447,192,74,227,131,177,61,96,91,549,236,245,207,318
1598853660.8156018,2020-08-31 09:01:00.815595,271,284,323,98,432,187,75,225,126,172,58,94,89,529,232,238,203,309
1598857210.5630858,2020-08-31 10:00:10.563078,272,284,323,99,432,186,75,225,126,173,59,95,90,529,231,238,204,310
1598864423.8741517,2020-08-31 12:00:23.874143,275,288,325,101,441,186,76,227,125,173,59,95,90,535,232,241,205,312
1598871637.5535753,2020-08-31 14:00:37.553567,283,288,326,101,447,189,75,227,125,174,59,96,95,541,235,241,209,315
1598886058.8736837,2020-08-31 18:00:58.873676,290,293,334,103,458,189,75,231,136,178,61,99,95,557,239,245,213,318
1598893213.2480087,2020-08-31 20:00:13.248000,290,295,336,103,456,189,75,232,136,179,61,99,97,559,239,245,214,323
1598940060.7195413,2020-09-01 09:01:00.719533,283,289,328,102,450,187,73,219,132,172,62,96,96,541,230,241,208,321
1598943612.030519,2020-09-01 10:00:12.030511,283,291,336,102,451,188,74,223,133,172,62,97,97,543,230,242,209,323
1598950826.08506,2020-09-01 12:00:26.085052,292,297,343,103,460,193,73,230,134,175,64,99,99,549,235,247,213,329
1598958039.5772922,2020-09-01 14:00:39.577284,294,299,347,106,464,196,74,232,133,178,64,100,100,564,238,253,215,336
1598972460.2678316,2020-09-01 18:01:00.267823,301,301,354,108,476,206,77,242,133,183,65,102,102,586,248,262,222,338
1599026460.8071218,2020-09-02 09:01:00.807112,304,302,356,108,477,210,78,240,135,186,65,103,102,594,250,262,223,338
1599030011.0537255,2020-09-02 10:00:11.053717,304,304,358,108,479,208,78,241,135,186,65,105,102,594,250,262,223,338
1599037224.1731315,2020-09-02 12:00:24.173123,306,306,362,108,482,209,78,242,137,186,66,105,103,599,247,263,224,339
1599044437.723396,2020-09-02 14:00:37.723389,308,311,369,109,488,210,78,245,139,190,65,105,105,609,249,265,229,342
1599058858.9343152,2020-09-02 18:00:58.934307,307,319,375,112,502,211,81,249,141,191,66,106,107,619,258,274,235,352
1599066012.4557238,2020-09-02 20:00:12.455716,308,322,377,112,501,215,81,249,141,192,68,106,106,623,259,277,237,354
1599112801.6677687,2020-09-03 09:00:01.667760,307,322,377,112,500,212,80,248,143,192,67,106,106,624,262,277,237,352
1599116413.9593298,2020-09-03 10:00:13.959322,309,323,378,112,500,214,80,246,144,192,67,106,107,624,263,277,237,352
1599123627.4569166,2020-09-03 12:00:27.456907,312,328,380,113,501,216,83,248,144,195,67,106,107,626,265,278,238,353
1599130840.9191306,2020-09-03 14:00:40.919123,312,329,382,113,505,217,83,248,149,196,67,107,110,629,266,277,238,354
1599145202.8808517,2020-09-03 18:00:02.880842,316,335,394,114,517,224,85,252,155,199,69,109,110,643,265,284,242,354
1599152418.9144695,2020-09-03 20:00:18.914462,315,337,400,114,518,224,85,251,156,200,68,109,110,646,265,284,243,359
1599199259.8147707,2020-09-04 09:00:59.814762,296,328,370,108,494,217,81,237,146,187,62,100,104,604,250,274,232,342
1599202809.99302,2020-09-04 10:00:09.993013,297,328,370,108,494,217,81,237,146,187,62,100,104,604,249,275,232,342
1599210024.5136933,2020-09-04 12:00:24.513685,301,332,378,109,500,223,81,238,147,189,67,101,103,612,254,274,233,349
1599217238.146945,2020-09-04 14:00:38.146936,302,333,383,109,502,226,83,238,150,190,68,103,103,616,258,273,238,355
1599231658.4952729,2020-09-04 18:00:58.495265,303,338,385,110,505,228,87,242,152,191,71,105,104,629,258,275,243,354
1599238812.2748687,2020-09-04 20:00:12.274861,306,339,388,112,506,228,87,243,152,192,71,107,105,633,259,279,246,359
1599285601.328671,2020-09-05 09:00:01.328663,296,322,360,108,485,224,82,229,148,184,69,102,104,611,244,269,238,346
1599289212.4704673,2020-09-05 10:00:12.470458,295,322,360,108,485,224,83,229,148,184,69,102,104,611,244,269,238,346
1599296425.8262317,2020-09-05 12:00:25.826223,296,322,361,108,486,224,83,229,148,184,69,102,104,612,244,269,238,346
1599303638.964036,2020-09-05 14:00:38.964027,296,322,363,108,486,224,83,229,148,184,69,103,104,613,244,269,238,346
1599318060.1355865,2020-09-05 18:01:00.135577,296,322,363,108,487,224,83,229,148,184,69,103,104,614,244,269,238,347
1599325213.8443305,2020-09-05 20:00:13.844322,296,321,363,108,487,224,83,227,148,184,69,103,104,613,244,269,238,347
1599372058.8920946,2020-09-06 09:00:58.892086,288,312,347,107,477,216,80,218,141,181,67,101,100,593,235,260,233,331
1599375608.6439557,2020-09-06 10:00:08.643947,288,312,347,108,477,216,80,218,141,181,67,101,100,593,235,260,233,329
1599382822.2731543,2020-09-06 12:00:22.273145,288,313,347,108,479,216,80,217,141,181,67,101,100,593,235,260,233,330
1599390035.6618092,2020-09-06 14:00:35.661801,288,313,347,108,479,216,80,217,141,181,67,101,100,595,235,260,233,330
1599404456.5003462,2020-09-06 18:00:56.500337,288,314,347,108,479,217,80,217,141,181,67,101,100,595,235,260,233,330
1599411609.9321651,2020-09-06 20:00:09.932156,288,315,347,107,480,217,80,217,142,183,67,101,100,595,235,260,234,330
1599458460.1899476,2020-09-07 09:01:00.189938,285,310,335,104,469,214,80,213,137,179,65,97,99,576,228,256,228,321
1599462009.9745014,2020-09-07 10:00:09.974493,285,310,336,104,471,214,80,216,137,179,65,97,99,577,228,257,228,323
1599469223.4639323,2020-09-07 12:00:23.463924,291,316,342,107,474,215,80,217,139,182,67,96,100,582,231,258,229,329
1599476436.8947415,2020-09-07 14:00:36.894733,294,322,349,108,478,217,81,217,140,183,68,95,102,592,232,263,230,332
1599490857.4270723,2020-09-07 18:00:57.427064,295,330,357,111,489,217,84,223,142,189,70,96,104,603,239,272,234,334
1599498012.7557452,2020-09-07 20:00:12.755737,294,330,359,113,492,219,85,226,142,192,71,96,104,603,241,274,235,334
1599544860.968808,2020-09-08 09:01:00.968799,278,317,352,110,478,210,81,215,136,190,70,93,100,576,233,259,227,324
1599548410.724257,2020-09-08 10:00:10.724249,278,317,351,110,481,211,81,215,136,190,71,92,100,579,233,259,228,324
1599555624.4106116,2020-09-08 12:00:24.410603,285,322,356,111,489,214,83,222,138,191,71,95,101,584,236,261,233,327
1599562838.082544,2020-09-08 14:00:38.082535,288,326,357,112,495,216,83,225,139,196,72,95,102,596,236,263,238,334
1599577258.818341,2020-09-08 18:00:58.818332,295,332,366,113,500,218,86,235,141,196,72,97,104,617,245,270,242,341
1599584413.011935,2020-09-08 20:00:13.011927,296,332,368,114,507,218,88,235,141,197,74,98,106,617,247,271,247,342
1599631260.8218389,2020-09-09 09:01:00.821830,293,331,369,115,508,217,89,234,139,197,73,98,105,619,249,272,247,342
1599634811.2753057,2020-09-09 10:00:11.275297,294,330,371,115,509,218,89,234,140,198,73,98,105,619,249,272,247,341
1599642024.7426093,2020-09-09 12:00:24.742600,296,330,375,116,509,220,90,237,141,199,74,98,105,623,250,275,249,341
1599649240.4548194,2020-09-09 14:00:40.454810,299,331,377,116,511,222,92,241,143,200,74,99,106,623,251,276,250,340
1599663660.4711132,2020-09-09 18:01:00.471105,304,337,383,116,518,227,94,242,144,205,77,99,107,633,260,278,253,344
1599670814.8271937,2020-09-09 20:00:14.827185,307,341,384,117,521,227,94,242,147,204,77,102,108,637,261,279,254,345
1599717660.047878,2020-09-10 09:01:00.047869,309,337,381,115,519,227,95,243,146,204,77,102,107,638,262,280,252,345
