t,h_t,e,d
1593521465,2020-06-30 15:51:05,29.95,26.6922
1593595487,2020-07-01 12:24:47,29.8677,26.6676
1593603789,2020-07-01 14:43:09,29.8677,26.6676
1593605336,2020-07-01 15:08:56,29.8677,26.6676
1593610334,2020-07-01 16:32:14,29.8677,26.6676
1593612011,2020-07-01 17:00:11,29.8677,26.6676
1593616413,2020-07-01 18:13:33,29.8677,26.6676
1593673436,2020-07-02 10:03:56,29.9971,26.77
1593764239,2020-07-03 11:17:19,30.6592,27.1801
1594023135,2020-07-06 11:12:15,30.5069,27.1716
1594048000,2020-07-06 18:06:40,30.5069,27.1716
1595173348,2020-07-19 18:42:28,31.129,27.2738
1595173505,2020-07-19 18:45:05,31.129,27.2738
1595232614,2020-07-20 11:10:14,31.2554,27.3606
1595319414,2020-07-21 11:16:54,31.5908,27.6011
1595341889,2020-07-21 17:31:29,31.5908,27.6011
1595360548,2020-07-21 22:42:28,31.5908,27.6011
1595363338,2020-07-21 23:28:58,31.5908,27.6011
1595411893,2020-07-22 12:58:13,31.6719,27.6647
1595407911,2020-07-22 11:51:51,31.6719,27.6647
1595417344,2020-07-22 14:29:04,31.6719,27.6647
1595431751,2020-07-22 18:29:11,31.6719,27.6647
1595492958,2020-07-23 11:29:18,32.1898,27.7798
1595513499.763555,2020-07-23 17:11:39.763552,32.1898,27.7798
1595516402.3165038,2020-07-23 18:00:02.316494,32.1898,27.7798
1595577603.6601105,2020-07-24 11:00:03.660079,32.2366,27.8779
1595577671.1071434,2020-07-24 11:01:11.107116,32.2366,27.8779
1595577737.404377,2020-07-24 11:02:17.404350,32.2366,27.8779
1595577804.4703574,2020-07-24 11:03:24.470331,32.2366,27.8779
1595577870.714461,2020-07-24 11:04:30.714432,32.2366,27.8779
1595577938.812071,2020-07-24 11:05:38.812045,32.2366,27.8779
1595578005.9998772,2020-07-24 11:06:45.999849,32.2366,27.8779
1595578071.7339344,2020-07-24 11:07:51.733905,32.2366,27.8779
1595578137.697047,2020-07-24 11:08:57.697019,32.2366,27.8779
1595578204.1086106,2020-07-24 11:10:04.108581,32.2366,27.8779
1595578270.9962928,2020-07-24 11:11:10.996264,32.2366,27.8779
1595578336.7705185,2020-07-24 11:12:16.770492,32.2366,27.8779
1595578402.677395,2020-07-24 11:13:22.677365,32.2366,27.8779
1595578468.6301281,2020-07-24 11:14:28.630098,32.2366,27.8779
1595578534.5342689,2020-07-24 11:15:34.534241,32.2366,27.8779
1595578600.3535984,2020-07-24 11:16:40.353570,32.2366,27.8779
1595578666.2770402,2020-07-24 11:17:46.277012,32.2366,27.8779
1595578732.5496411,2020-07-24 11:18:52.549613,32.2366,27.8779
1595578798.4295893,2020-07-24 11:19:58.429560,32.2366,27.8779
1595578864.7236,2020-07-24 11:21:04.723570,32.2366,27.8779
1595578930.7894778,2020-07-24 11:22:10.789452,32.2366,27.8779
1595578998.2088876,2020-07-24 11:23:18.208861,32.2366,27.8779
1595579065.0145078,2020-07-24 11:24:25.014480,32.2366,27.8779
1595579131.3156774,2020-07-24 11:25:31.315650,32.2366,27.8779
1595579197.27394,2020-07-24 11:26:37.273913,32.2366,27.8779
1595579263.4504266,2020-07-24 11:27:43.450399,32.2366,27.8779
1595579329.31231,2020-07-24 11:28:49.312282,32.2366,27.8779
1595579395.2912552,2020-07-24 11:29:55.291227,32.2366,27.8779
1595579461.3214698,2020-07-24 11:31:01.321442,32.2366,27.8779
1595579527.228292,2020-07-24 11:32:07.228263,32.2366,27.8779
1595579593.475649,2020-07-24 11:33:13.475622,32.2366,27.8779
1595579659.3641856,2020-07-24 11:34:19.364157,32.2366,27.8779
1595579725.5713334,2020-07-24 11:35:25.571306,32.2366,27.8779
1595579791.5851552,2020-07-24 11:36:31.585125,32.2366,27.8779
1595579857.6900039,2020-07-24 11:37:37.689975,32.2366,27.8779
1595579923.5623434,2020-07-24 11:38:43.562317,32.2366,27.8779
1595579989.5280027,2020-07-24 11:39:49.527976,32.2366,27.8779
1595580055.518631,2020-07-24 11:40:55.518603,32.2366,27.8779
1595580122.0474434,2020-07-24 11:42:02.047417,32.2366,27.8779
1595580188.3177614,2020-07-24 11:43:08.317733,32.2366,27.8779
1595580255.0685818,2020-07-24 11:44:15.068553,32.2366,27.8779
1595580320.9869707,2020-07-24 11:45:20.986943,32.2366,27.8779
1595580386.9152696,2020-07-24 11:46:26.915241,32.2366,27.8779
1595580452.9565039,2020-07-24 11:47:32.956475,32.2366,27.8779
1595580518.897867,2020-07-24 11:48:38.897840,32.2366,27.8779
1595580585.2017195,2020-07-24 11:49:45.201691,32.2366,27.8779
1595580651.2254467,2020-07-24 11:50:51.225418,32.2366,27.8779
1595580717.2847028,2020-07-24 11:51:57.284674,32.2366,27.8779
1595580783.3131623,2020-07-24 11:53:03.313132,32.2366,27.8779
1595580849.1343312,2020-07-24 11:54:09.134302,32.2366,27.8779
1595580915.5455163,2020-07-24 11:55:15.545489,32.2366,27.8779
1595580981.6543713,2020-07-24 11:56:21.654344,32.2366,27.8779
1595581049.6978703,2020-07-24 11:57:29.697843,32.2366,27.8779
1595581115.4010975,2020-07-24 11:58:35.401069,32.2366,27.8779
1595581181.7296894,2020-07-24 11:59:41.729660,32.2366,27.8779
1595588454.8356535,2020-07-24 14:00:54.835622,32.2366,27.8779
1595588518.5343442,2020-07-24 14:01:58.534328,32.2366,27.8779
1595588582.1511416,2020-07-24 14:03:02.151125,32.2366,27.8779
1595588645.7163022,2020-07-24 14:04:05.716286,32.2366,27.8779
1595588709.8047333,2020-07-24 14:05:09.804716,32.2366,27.8779
1595588773.4109704,2020-07-24 14:06:13.410954,32.2366,27.8779
1595588836.7744193,2020-07-24 14:07:16.774403,32.2366,27.8779
1595588901.546643,2020-07-24 14:08:21.546627,32.2366,27.8779
1595588965.0318055,2020-07-24 14:09:25.031790,32.2366,27.8779
1595589028.6318383,2020-07-24 14:10:28.631822,32.2366,27.8779
1595589092.1296332,2020-07-24 14:11:32.129617,32.2366,27.8779
1595589156.217856,2020-07-24 14:12:36.217839,32.2366,27.8779
1595589220.1494968,2020-07-24 14:13:40.149480,32.2366,27.8779
1595589283.8955925,2020-07-24 14:14:43.895577,32.2366,27.8779
1595589347.5205524,2020-07-24 14:15:47.520536,32.2366,27.8779
1595589410.9734886,2020-07-24 14:16:50.973472,32.2366,27.8779
1595589475.2447994,2020-07-24 14:17:55.244783,32.2366,27.8779
1595589538.9415977,2020-07-24 14:18:58.941581,32.2366,27.8779
1595589602.9737859,2020-07-24 14:20:02.973771,32.2366,27.8779
1595589667.0042274,2020-07-24 14:21:07.004211,32.2366,27.8779
1595589730.5764294,2020-07-24 14:22:10.576413,32.2366,27.8779
1595589794.1140676,2020-07-24 14:23:14.114051,32.2366,27.8779
1595589858.299634,2020-07-24 14:24:18.299618,32.2366,27.8779
1595589922.4951537,2020-07-24 14:25:22.495138,32.2366,27.8779
1595589985.9658418,2020-07-24 14:26:25.965826,32.2366,27.8779
1595590050.3376353,2020-07-24 14:27:30.337620,32.2366,27.8779
1595590113.9948792,2020-07-24 14:28:33.994864,32.2366,27.8779
1595590177.5942402,2020-07-24 14:29:37.594225,32.2366,27.8779
1595590241.0740154,2020-07-24 14:30:41.074000,32.2366,27.8779
1595590304.9167092,2020-07-24 14:31:44.916693,32.2366,27.8779
1595590368.314771,2020-07-24 14:32:48.314755,32.2366,27.8779
1595590431.7773275,2020-07-24 14:33:51.777311,32.2366,27.8779
1595590495.346201,2020-07-24 14:34:55.346185,32.2366,27.8779
1595590559.0919824,2020-07-24 14:35:59.091967,32.2366,27.8779
1595590623.4041986,2020-07-24 14:37:03.404183,32.2366,27.8779
1595590686.9648802,2020-07-24 14:38:06.964864,32.2366,27.8779
1595590750.705525,2020-07-24 14:39:10.705509,32.2366,27.8779
1595590814.4342523,2020-07-24 14:40:14.434235,32.2366,27.8779
1595590878.105641,2020-07-24 14:41:18.105626,32.2366,27.8779
1595590941.5999007,2020-07-24 14:42:21.599884,32.2366,27.8779
1595591005.9319322,2020-07-24 14:43:25.931917,32.2366,27.8779
1595591069.4796777,2020-07-24 14:44:29.479662,32.2366,27.8779
1595591133.0867476,2020-07-24 14:45:33.086733,32.2366,27.8779
1595591197.14773,2020-07-24 14:46:37.147715,32.2366,27.8779
1595591260.7151186,2020-07-24 14:47:40.715103,32.2366,27.8779
1595591324.2163815,2020-07-24 14:48:44.216366,32.2366,27.8779
1595591387.8482134,2020-07-24 14:49:47.848198,32.2366,27.8779
1595591451.7035582,2020-07-24 14:50:51.703542,32.2366,27.8779
1595591515.3432734,2020-07-24 14:51:55.343257,32.2366,27.8779
1595591578.9956222,2020-07-24 14:52:58.995607,32.2366,27.8779
1595591642.9839103,2020-07-24 14:54:02.983893,32.2366,27.8779
1595591706.498607,2020-07-24 14:55:06.498591,32.2366,27.8779
1595591770.0214987,2020-07-24 14:56:10.021483,32.2366,27.8779
1595591833.4068773,2020-07-24 14:57:13.406861,32.2366,27.8779
1595591896.9011312,2020-07-24 14:58:16.901115,32.2366,27.8779
1595591960.5468602,2020-07-24 14:59:20.546844,32.2366,27.8779
1595602834.915669,2020-07-24 18:00:34.915653,32.2366,27.8779
1595664039.9556816,2020-07-25 11:00:39.955666,32.2366,27.8779
1595664104.432071,2020-07-25 11:01:44.432054,32.2366,27.8779
1595664168.0727055,2020-07-25 11:02:48.072690,32.2366,27.8779
1595664232.2461452,2020-07-25 11:03:52.246129,32.2366,27.8779
1595664295.8694587,2020-07-25 11:04:55.869442,32.2366,27.8779
1595664359.7103348,2020-07-25 11:05:59.710319,32.2366,27.8779
1595664423.4389086,2020-07-25 11:07:03.438894,32.2366,27.8779
1595664492.01175,2020-07-25 11:08:12.011734,32.2366,27.8779
1595664555.557212,2020-07-25 11:09:15.557195,32.2366,27.8779
1595664619.0744011,2020-07-25 11:10:19.074385,32.2366,27.8779
1595664682.6832178,2020-07-25 11:11:22.683201,32.2366,27.8779
1595664746.1681108,2020-07-25 11:12:26.168096,32.2366,27.8779
1595664809.7781913,2020-07-25 11:13:29.778175,32.2366,27.8779
1595664873.3315842,2020-07-25 11:14:33.331568,32.2366,27.8779
1595664936.8037248,2020-07-25 11:15:36.803708,32.2366,27.8779
1595665000.3821502,2020-07-25 11:16:40.382134,32.2366,27.8779
1595665063.9672382,2020-07-25 11:17:43.967221,32.2366,27.8779
1595665127.712836,2020-07-25 11:18:47.712821,32.2366,27.8779
1595665196.2944732,2020-07-25 11:19:56.294457,32.2366,27.8779
1595665259.9557579,2020-07-25 11:20:59.955742,32.2366,27.8779
1595665323.7888362,2020-07-25 11:22:03.788822,32.2366,27.8779
1595665387.463709,2020-07-25 11:23:07.463693,32.2366,27.8779
1595665451.494378,2020-07-25 11:24:11.494362,32.2366,27.8779
1595665515.718126,2020-07-25 11:25:15.718109,32.2366,27.8779
1595665579.1718674,2020-07-25 11:26:19.171852,32.2366,27.8779
1595665642.8474722,2020-07-25 11:27:22.847456,32.2366,27.8779
1595665706.5413105,2020-07-25 11:28:26.541295,32.2366,27.8779
1595665770.1248207,2020-07-25 11:29:30.124805,32.2366,27.8779
1595665833.8721097,2020-07-25 11:30:33.872094,32.2366,27.8779
1595665897.456192,2020-07-25 11:31:37.456176,32.2366,27.8779
1595665960.9674246,2020-07-25 11:32:40.967408,32.2366,27.8779
1595666024.4763122,2020-07-25 11:33:44.476295,32.2366,27.8779
1595666087.9743888,2020-07-25 11:34:47.974374,32.2366,27.8779
1595666151.7013292,2020-07-25 11:35:51.701313,32.2366,27.8779
1595666215.1668646,2020-07-25 11:36:55.166849,32.2366,27.8779
1595666278.8995633,2020-07-25 11:37:58.899548,32.2366,27.8779
1595666342.8035889,2020-07-25 11:39:02.803573,32.2366,27.8779
1595666406.6148832,2020-07-25 11:40:06.614867,32.2366,27.8779
1595666470.310714,2020-07-25 11:41:10.310700,32.2366,27.8779
1595666533.9218445,2020-07-25 11:42:13.921828,32.2366,27.8779
1595666597.3317254,2020-07-25 11:43:17.331709,32.2366,27.8779
1595666660.753594,2020-07-25 11:44:20.753577,32.2366,27.8779
1595666724.754017,2020-07-25 11:45:24.754001,32.2366,27.8779
1595666788.4313357,2020-07-25 11:46:28.431319,32.2366,27.8779
1595666851.9566882,2020-07-25 11:47:31.956672,32.2366,27.8779
1595666915.4375317,2020-07-25 11:48:35.437516,32.2366,27.8779
1595666979.0972476,2020-07-25 11:49:39.097231,32.2366,27.8779
1595667042.6313734,2020-07-25 11:50:42.631357,32.2366,27.8779
1595667106.2157116,2020-07-25 11:51:46.215696,32.2366,27.8779
1595667169.8820612,2020-07-25 11:52:49.882046,32.2366,27.8779
1595667233.489352,2020-07-25 11:53:53.489336,32.2366,27.8779
1595667297.303036,2020-07-25 11:54:57.303020,32.2366,27.8779
1595667360.8434768,2020-07-25 11:56:00.843460,32.2366,27.8779
1595667424.3774078,2020-07-25 11:57:04.377392,32.2366,27.8779
1595667488.193389,2020-07-25 11:58:08.193370,32.2366,27.8779
1595667551.8308609,2020-07-25 11:59:11.830846,32.2366,27.8779
1595674822.7891326,2020-07-25 14:00:22.789118,32.2366,27.8779
1595674886.4100335,2020-07-25 14:01:26.410017,32.2366,27.8779
1595674950.010661,2020-07-25 14:02:30.010646,32.2366,27.8779
1595675013.6564512,2020-07-25 14:03:33.656436,32.2366,27.8779
1595675077.2248425,2020-07-25 14:04:37.224826,32.2366,27.8779
1595675140.9150498,2020-07-25 14:05:40.915034,32.2366,27.8779
1595675204.4568574,2020-07-25 14:06:44.456842,32.2366,27.8779
1595675268.1093507,2020-07-25 14:07:48.109335,32.2366,27.8779
1595675331.6399524,2020-07-25 14:08:51.639937,32.2366,27.8779
1595675395.2347748,2020-07-25 14:09:55.234759,32.2366,27.8779
1595675464.7063072,2020-07-25 14:11:04.706291,32.2366,27.8779
1595675533.381803,2020-07-25 14:12:13.381787,32.2366,27.8779
1595675596.905705,2020-07-25 14:13:16.905689,32.2366,27.8779
1595675665.973321,2020-07-25 14:14:25.973305,32.2366,27.8779
1595675729.6864886,2020-07-25 14:15:29.686473,32.2366,27.8779
1595675793.2709444,2020-07-25 14:16:33.270928,32.2366,27.8779
1595675856.8398123,2020-07-25 14:17:36.839796,32.2366,27.8779
1595675920.4200394,2020-07-25 14:18:40.420024,32.2366,27.8779
1595675983.8743532,2020-07-25 14:19:43.874337,32.2366,27.8779
1595676047.4610426,2020-07-25 14:20:47.461026,32.2366,27.8779
1595676110.8529193,2020-07-25 14:21:50.852902,32.2366,27.8779
1595676174.3489668,2020-07-25 14:22:54.348951,32.2366,27.8779
1595676237.8779876,2020-07-25 14:23:57.877973,32.2366,27.8779
1595676301.3989527,2020-07-25 14:25:01.398938,32.2366,27.8779
1595676364.9844134,2020-07-25 14:26:04.984398,32.2366,27.8779
1595676428.8864496,2020-07-25 14:27:08.886434,32.2366,27.8779
1595676492.458077,2020-07-25 14:28:12.458061,32.2366,27.8779
1595676555.986472,2020-07-25 14:29:15.986455,32.2366,27.8779
1595676619.7021449,2020-07-25 14:30:19.702129,32.2366,27.8779
1595676683.407059,2020-07-25 14:31:23.407043,32.2366,27.8779
1595676747.79693,2020-07-25 14:32:27.796915,32.2366,27.8779
1595676811.4404454,2020-07-25 14:33:31.440430,32.2366,27.8779
1595676875.1190012,2020-07-25 14:34:35.118985,32.2366,27.8779
1595676938.6042707,2020-07-25 14:35:38.604253,32.2366,27.8779
1595677001.964329,2020-07-25 14:36:41.964313,32.2366,27.8779
1595677065.6276157,2020-07-25 14:37:45.627600,32.2366,27.8779
1595677129.2979105,2020-07-25 14:38:49.297894,32.2366,27.8779
1595677192.9160848,2020-07-25 14:39:52.916069,32.2366,27.8779
1595677256.2840047,2020-07-25 14:40:56.283987,32.2366,27.8779
1595677319.8944054,2020-07-25 14:41:59.894389,32.2366,27.8779
1595677383.6550415,2020-07-25 14:43:03.655026,32.2366,27.8779
1595677447.4420302,2020-07-25 14:44:07.442013,32.2366,27.8779
1595677511.0286036,2020-07-25 14:45:11.028587,32.2366,27.8779
1595677574.5970361,2020-07-25 14:46:14.597018,32.2366,27.8779
1595677638.0512574,2020-07-25 14:47:18.051242,32.2366,27.8779
1595677701.5144289,2020-07-25 14:48:21.514412,32.2366,27.8779
1595677765.0055363,2020-07-25 14:49:25.005520,32.2366,27.8779
1595677828.6636722,2020-07-25 14:50:28.663655,32.2366,27.8779
1595677892.1762598,2020-07-25 14:51:32.176245,32.2366,27.8779
1595677955.776954,2020-07-25 14:52:35.776938,32.2366,27.8779
1595678019.337888,2020-07-25 14:53:39.337871,32.2366,27.8779
1595678083.2178068,2020-07-25 14:54:43.217790,32.2366,27.8779
1595678146.5881708,2020-07-25 14:55:46.588154,32.2366,27.8779
1595678210.134339,2020-07-25 14:56:50.134323,32.2366,27.8779
1595678273.755841,2020-07-25 14:57:53.755824,32.2366,27.8779
1595678337.442414,2020-07-25 14:58:57.442398,32.2366,27.8779
1595689211.7834744,2020-07-25 18:00:11.783459,32.2366,27.8779
1595750416.5587707,2020-07-26 11:00:16.558755,32.2366,27.8779
1595750480.5641088,2020-07-26 11:01:20.564093,32.2366,27.8779
1595750544.137128,2020-07-26 11:02:24.137112,32.2366,27.8779
1595750607.6316266,2020-07-26 11:03:27.631610,32.2366,27.8779
1595750671.0811367,2020-07-26 11:04:31.081120,32.2366,27.8779
1595750734.6174517,2020-07-26 11:05:34.617436,32.2366,27.8779
1595750798.2564309,2020-07-26 11:06:38.256415,32.2366,27.8779
1595750861.6812878,2020-07-26 11:07:41.681272,32.2366,27.8779
1595750925.3188155,2020-07-26 11:08:45.318799,32.2366,27.8779
1595750989.058662,2020-07-26 11:09:49.058646,32.2366,27.8779
1595751052.534933,2020-07-26 11:10:52.534916,32.2366,27.8779
1595751116.061522,2020-07-26 11:11:56.061507,32.2366,27.8779
1595751179.6557465,2020-07-26 11:12:59.655731,32.2366,27.8779
1595751243.886282,2020-07-26 11:14:03.886266,32.2366,27.8779
1595751307.3159275,2020-07-26 11:15:07.315910,32.2366,27.8779
1595751370.919269,2020-07-26 11:16:10.919253,32.2366,27.8779
1595751434.4544125,2020-07-26 11:17:14.454397,32.2366,27.8779
1595751497.9246082,2020-07-26 11:18:17.924592,32.2366,27.8779
1595751561.4603717,2020-07-26 11:19:21.460355,32.2366,27.8779
1595751625.1654305,2020-07-26 11:20:25.165414,32.2366,27.8779
1595751689.7965748,2020-07-26 11:21:29.796559,32.2366,27.8779
1595751753.3698313,2020-07-26 11:22:33.369816,32.2366,27.8779
1595751816.957568,2020-07-26 11:23:36.957553,32.2366,27.8779
1595751880.5491562,2020-07-26 11:24:40.549140,32.2366,27.8779
1595751944.216898,2020-07-26 11:25:44.216882,32.2366,27.8779
1595752007.9540315,2020-07-26 11:26:47.954015,32.2366,27.8779
1595752071.7151961,2020-07-26 11:27:51.715181,32.2366,27.8779
1595752135.0947258,2020-07-26 11:28:55.094708,32.2366,27.8779
1595752198.753444,2020-07-26 11:29:58.753427,32.2366,27.8779
1595752262.851634,2020-07-26 11:31:02.851618,32.2366,27.8779
1595752326.8374228,2020-07-26 11:32:06.837406,32.2366,27.8779
1595752390.7044837,2020-07-26 11:33:10.704468,32.2366,27.8779
1595752454.1341343,2020-07-26 11:34:14.134118,32.2366,27.8779
1595752517.748157,2020-07-26 11:35:17.748141,32.2366,27.8779
1595752581.195604,2020-07-26 11:36:21.195588,32.2366,27.8779
1595752644.906329,2020-07-26 11:37:24.906312,32.2366,27.8779
1595752708.5437577,2020-07-26 11:38:28.543741,32.2366,27.8779
1595752772.1110425,2020-07-26 11:39:32.111026,32.2366,27.8779
1595752835.3724287,2020-07-26 11:40:35.372412,32.2366,27.8779
1595752899.147319,2020-07-26 11:41:39.147303,32.2366,27.8779
1595752962.7002475,2020-07-26 11:42:42.700232,32.2366,27.8779
1595753026.5396705,2020-07-26 11:43:46.539654,32.2366,27.8779
1595753090.0306652,2020-07-26 11:44:50.030649,32.2366,27.8779
1595753153.7867234,2020-07-26 11:45:53.786707,32.2366,27.8779
1595753217.269106,2020-07-26 11:46:57.269090,32.2366,27.8779
1595753280.7584653,2020-07-26 11:48:00.758449,32.2366,27.8779
1595753344.3876424,2020-07-26 11:49:04.387627,32.2366,27.8779
1595753407.7194798,2020-07-26 11:50:07.719465,32.2366,27.8779
1595753471.2667146,2020-07-26 11:51:11.266699,32.2366,27.8779
1595753534.6729782,2020-07-26 11:52:14.672963,32.2366,27.8779
1595753598.188544,2020-07-26 11:53:18.188529,32.2366,27.8779
1595753661.6966794,2020-07-26 11:54:21.696663,32.2366,27.8779
1595753725.1187856,2020-07-26 11:55:25.118771,32.2366,27.8779
1595753788.4282458,2020-07-26 11:56:28.428229,32.2366,27.8779
1595753852.0913882,2020-07-26 11:57:32.091372,32.2366,27.8779
1595753915.414996,2020-07-26 11:58:35.414981,32.2366,27.8779
1595753979.1742947,2020-07-26 11:59:39.174278,32.2366,27.8779
1595761249.7464702,2020-07-26 14:00:49.746455,32.2366,27.8779
1595761313.7685974,2020-07-26 14:01:53.768581,32.2366,27.8779
1595761377.0865135,2020-07-26 14:02:57.086496,32.2366,27.8779
1595761440.463484,2020-07-26 14:04:00.463468,32.2366,27.8779
1595761504.0554345,2020-07-26 14:05:04.055418,32.2366,27.8779
1595761567.4187675,2020-07-26 14:06:07.418751,32.2366,27.8779
1595761630.9557443,2020-07-26 14:07:10.955728,32.2366,27.8779
1595761694.3632722,2020-07-26 14:08:14.363256,32.2366,27.8779
1595761758.0197017,2020-07-26 14:09:18.019686,32.2366,27.8779
1595761822.0431867,2020-07-26 14:10:22.043170,32.2366,27.8779
1595761886.0103016,2020-07-26 14:11:26.010285,32.2366,27.8779
1595761949.6633482,2020-07-26 14:12:29.663333,32.2366,27.8779
1595762013.1636896,2020-07-26 14:13:33.163674,32.2366,27.8779
1595762076.5785925,2020-07-26 14:14:36.578577,32.2366,27.8779
1595762139.8919897,2020-07-26 14:15:39.891974,32.2366,27.8779
1595762203.28452,2020-07-26 14:16:43.284504,32.2366,27.8779
1595762267.0093527,2020-07-26 14:17:47.009336,32.2366,27.8779
1595762330.45079,2020-07-26 14:18:50.450774,32.2366,27.8779
1595762394.8378959,2020-07-26 14:19:54.837880,32.2366,27.8779
1595762458.4611049,2020-07-26 14:20:58.461089,32.2366,27.8779
1595762522.0363836,2020-07-26 14:22:02.036368,32.2366,27.8779
1595762585.478823,2020-07-26 14:23:05.478808,32.2366,27.8779
1595762648.913783,2020-07-26 14:24:08.913768,32.2366,27.8779
1595762712.8639562,2020-07-26 14:25:12.863941,32.2366,27.8779
1595762776.3851461,2020-07-26 14:26:16.385130,32.2366,27.8779
1595762839.8060787,2020-07-26 14:27:19.806063,32.2366,27.8779
1595762903.494363,2020-07-26 14:28:23.494347,32.2366,27.8779
1595762967.0495818,2020-07-26 14:29:27.049566,32.2366,27.8779
1595763030.625126,2020-07-26 14:30:30.625109,32.2366,27.8779
1595763094.0497851,2020-07-26 14:31:34.049768,32.2366,27.8779
1595763157.5474958,2020-07-26 14:32:37.547479,32.2366,27.8779
1595763221.1312582,2020-07-26 14:33:41.131242,32.2366,27.8779
1595763284.4571736,2020-07-26 14:34:44.457157,32.2366,27.8779
1595763347.887718,2020-07-26 14:35:47.887702,32.2366,27.8779
1595763411.4047656,2020-07-26 14:36:51.404749,32.2366,27.8779
1595763474.7902927,2020-07-26 14:37:54.790277,32.2366,27.8779
1595763538.3434772,2020-07-26 14:38:58.343461,32.2366,27.8779
1595763601.7345347,2020-07-26 14:40:01.734519,32.2366,27.8779
1595763665.6135223,2020-07-26 14:41:05.613506,32.2366,27.8779
1595763729.0021005,2020-07-26 14:42:09.002084,32.2366,27.8779
1595763792.3831224,2020-07-26 14:43:12.383106,32.2366,27.8779
1595763855.7727704,2020-07-26 14:44:15.772754,32.2366,27.8779
1595763919.4362612,2020-07-26 14:45:19.436246,32.2366,27.8779
1595763982.747958,2020-07-26 14:46:22.747943,32.2366,27.8779
1595764046.317643,2020-07-26 14:47:26.317627,32.2366,27.8779
1595764109.6730494,2020-07-26 14:48:29.673033,32.2366,27.8779
1595764173.3104587,2020-07-26 14:49:33.310443,32.2366,27.8779
1595764236.6558318,2020-07-26 14:50:36.655816,32.2366,27.8779
1595764300.0492623,2020-07-26 14:51:40.049246,32.2366,27.8779
1595764363.5498405,2020-07-26 14:52:43.549824,32.2366,27.8779
1595764427.136243,2020-07-26 14:53:47.136227,32.2366,27.8779
1595764490.5767138,2020-07-26 14:54:50.576697,32.2366,27.8779
1595764554.06762,2020-07-26 14:55:54.067604,32.2366,27.8779
1595764617.6512065,2020-07-26 14:56:57.651190,32.2366,27.8779
1595764681.128322,2020-07-26 14:58:01.128306,32.2366,27.8779
1595764744.5396473,2020-07-26 14:59:04.539631,32.2366,27.8779
1595775618.9587944,2020-07-26 18:00:18.958779,32.2366,27.8779
1595836823.7340822,2020-07-27 11:00:23.734067,32.2246,27.7559
1595836887.6442573,2020-07-27 11:01:27.644241,32.2246,27.7559
1595836951.0099952,2020-07-27 11:02:31.009980,32.2246,27.7559
1595837014.4173586,2020-07-27 11:03:34.417342,32.2246,27.7559
1595837078.0917299,2020-07-27 11:04:38.091713,32.2246,27.7559
1595837141.5527058,2020-07-27 11:05:41.552689,32.2246,27.7559
1595837205.1585271,2020-07-27 11:06:45.158511,32.2246,27.7559
1595837268.6885486,2020-07-27 11:07:48.688532,32.2246,27.7559
1595837332.294465,2020-07-27 11:08:52.294449,32.2246,27.7559
1595837395.593417,2020-07-27 11:09:55.593400,32.2246,27.7559
1595837458.9885535,2020-07-27 11:10:58.988537,32.2246,27.7559
1595837523.2576423,2020-07-27 11:12:03.257626,32.2246,27.7559
1595837586.5941868,2020-07-27 11:13:06.594170,32.2246,27.7559
1595837650.0741901,2020-07-27 11:14:10.074174,32.2246,27.7559
1595837713.5614748,2020-07-27 11:15:13.561459,32.2246,27.7559
1595837777.087075,2020-07-27 11:16:17.087060,32.2246,27.7559
1595837840.7295659,2020-07-27 11:17:20.729549,32.2246,27.7559
1595837904.4838042,2020-07-27 11:18:24.483787,32.2246,27.7559
1595837968.723481,2020-07-27 11:19:28.723464,32.2246,27.7559
1595838032.2143927,2020-07-27 11:20:32.214376,32.2246,27.7559
1595838095.5427892,2020-07-27 11:21:35.542773,32.2246,27.7559
1595838158.9341705,2020-07-27 11:22:38.934153,32.2246,27.7559
1595838222.3582659,2020-07-27 11:23:42.358249,32.2246,27.7559
1595838286.4647822,2020-07-27 11:24:46.464765,32.2246,27.7559
1595838350.1580496,2020-07-27 11:25:50.158034,32.2246,27.7559
1595838413.4856167,2020-07-27 11:26:53.485600,32.2246,27.7559
1595838476.9978611,2020-07-27 11:27:56.997846,32.2246,27.7559
1595838540.8377812,2020-07-27 11:29:00.837765,32.2246,27.7559
1595838606.2610686,2020-07-27 11:30:06.261053,32.2246,27.7559
1595838669.998932,2020-07-27 11:31:09.998916,32.2246,27.7559
1595838733.543636,2020-07-27 11:32:13.543619,32.2246,27.7559
1595838797.1733396,2020-07-27 11:33:17.173322,32.2246,27.7559
1595838860.734764,2020-07-27 11:34:20.734747,32.2246,27.7559
1595838924.2983997,2020-07-27 11:35:24.298384,32.2246,27.7559
1595838988.0665588,2020-07-27 11:36:28.066542,32.2246,27.7559
1595839051.5450575,2020-07-27 11:37:31.545042,32.2246,27.7559
1595839117.169173,2020-07-27 11:38:37.169157,32.2246,27.7559
1595839180.659424,2020-07-27 11:39:40.659408,32.2246,27.7559
1595839244.6390836,2020-07-27 11:40:44.639068,32.2246,27.7559
1595839308.1386683,2020-07-27 11:41:48.138653,32.2246,27.7559
1595839371.5597184,2020-07-27 11:42:51.559702,32.2246,27.7559
1595839435.624553,2020-07-27 11:43:55.624537,32.2246,27.7559
1595839499.5537477,2020-07-27 11:44:59.553730,32.2246,27.7559
1595839565.1742942,2020-07-27 11:46:05.174278,32.2246,27.7559
1595839628.7452602,2020-07-27 11:47:08.745245,32.2246,27.7559
1595839692.2068505,2020-07-27 11:48:12.206834,32.2246,27.7559
1595839755.8077404,2020-07-27 11:49:15.807724,32.2246,27.7559
1595839819.2002566,2020-07-27 11:50:19.200240,32.2246,27.7559
1595839882.694367,2020-07-27 11:51:22.694351,32.2246,27.7559
1595839947.0110652,2020-07-27 11:52:27.011050,32.2246,27.7559
1595840010.6281934,2020-07-27 11:53:30.628177,32.2246,27.7559
1595840074.2112093,2020-07-27 11:54:34.211194,32.2246,27.7559
1595840137.711404,2020-07-27 11:55:37.711388,32.2246,27.7559
1595840201.1086197,2020-07-27 11:56:41.108605,32.2246,27.7559
1595840264.703661,2020-07-27 11:57:44.703645,32.2246,27.7559
1595840328.0764244,2020-07-27 11:58:48.076409,32.2246,27.7559
1595840392.0676744,2020-07-27 11:59:52.067658,32.2246,27.7559
1595847602.5589845,2020-07-27 14:00:02.558970,32.2246,27.7559
1595847669.2306051,2020-07-27 14:01:09.230590,32.2246,27.7559
1595847732.713797,2020-07-27 14:02:12.713779,32.2246,27.7559
1595847796.172461,2020-07-27 14:03:16.172445,32.2246,27.7559
1595847859.5383167,2020-07-27 14:04:19.538301,32.2246,27.7559
1595847923.4943273,2020-07-27 14:05:23.494311,32.2246,27.7559
1595847987.3981342,2020-07-27 14:06:27.398118,32.2246,27.7559
1595848050.862499,2020-07-27 14:07:30.862484,32.2246,27.7559
1595848114.4246135,2020-07-27 14:08:34.424597,32.2246,27.7559
1595848177.9512997,2020-07-27 14:09:37.951283,32.2246,27.7559
1595848242.8069258,2020-07-27 14:10:42.806909,32.2246,27.7559
1595848307.9748561,2020-07-27 14:11:47.974840,32.2246,27.7559
1595848372.1559072,2020-07-27 14:12:52.155890,32.2246,27.7559
1595848435.7882473,2020-07-27 14:13:55.788231,32.2246,27.7559
1595848499.4974642,2020-07-27 14:14:59.497449,32.2246,27.7559
1595848564.84531,2020-07-27 14:16:04.845294,32.2246,27.7559
1595848628.3636262,2020-07-27 14:17:08.363609,32.2246,27.7559
1595848691.8339539,2020-07-27 14:18:11.833938,32.2246,27.7559
1595848755.4066045,2020-07-27 14:19:15.406589,32.2246,27.7559
1595848819.2285786,2020-07-27 14:20:19.228562,32.2246,27.7559
1595848882.6873255,2020-07-27 14:21:22.687309,32.2246,27.7559
1595848946.5902934,2020-07-27 14:22:26.590277,32.2246,27.7559
1595849009.965247,2020-07-27 14:23:29.965231,32.2246,27.7559
1595849073.4506614,2020-07-27 14:24:33.450645,32.2246,27.7559
1595849136.9911969,2020-07-27 14:25:36.991181,32.2246,27.7559
1595849200.640393,2020-07-27 14:26:40.640377,32.2246,27.7559
1595849264.278345,2020-07-27 14:27:44.278329,32.2246,27.7559
1595849327.6126225,2020-07-27 14:28:47.612606,32.2246,27.7559
1595849391.009982,2020-07-27 14:29:51.009967,32.2246,27.7559
1595849454.6041813,2020-07-27 14:30:54.604166,32.2246,27.7559
1595849518.2234924,2020-07-27 14:31:58.223476,32.2246,27.7559
1595849582.454415,2020-07-27 14:33:02.454400,32.2246,27.7559
1595849646.5859888,2020-07-27 14:34:06.585973,32.2246,27.7559
1595849710.2008343,2020-07-27 14:35:10.200818,32.2246,27.7559
1595849773.8611825,2020-07-27 14:36:13.861167,32.2246,27.7559
1595849837.353195,2020-07-27 14:37:17.353178,32.2246,27.7559
1595849900.9576225,2020-07-27 14:38:20.957606,32.2246,27.7559
1595849964.4364665,2020-07-27 14:39:24.436450,32.2246,27.7559
1595850027.8541203,2020-07-27 14:40:27.854104,32.2246,27.7559
1595850091.2869256,2020-07-27 14:41:31.286909,32.2246,27.7559
1595850154.8698401,2020-07-27 14:42:34.869824,32.2246,27.7559
1595850218.2363105,2020-07-27 14:43:38.236294,32.2246,27.7559
1595850281.8263147,2020-07-27 14:44:41.826299,32.2246,27.7559
1595850345.7335157,2020-07-27 14:45:45.733499,32.2246,27.7559
1595850409.9549088,2020-07-27 14:46:49.954893,32.2246,27.7559
1595850473.6093202,2020-07-27 14:47:53.609305,32.2246,27.7559
1595850542.294456,2020-07-27 14:49:02.294440,32.2246,27.7559
1595850606.0211856,2020-07-27 14:50:06.021170,32.2246,27.7559
1595850670.689943,2020-07-27 14:51:10.689926,32.2246,27.7559
1595850734.369286,2020-07-27 14:52:14.369271,32.2246,27.7559
1595850799.2977824,2020-07-27 14:53:19.297767,32.2246,27.7559
1595850863.2111912,2020-07-27 14:54:23.211175,32.2246,27.7559
1595850926.9290898,2020-07-27 14:55:26.929073,32.2246,27.7559
1595850990.4327426,2020-07-27 14:56:30.432726,32.2246,27.7559
1595851054.4614017,2020-07-27 14:57:34.461386,32.2246,27.7559
1595851117.9596353,2020-07-27 14:58:37.959619,32.2246,27.7559
1595851181.5724566,2020-07-27 14:59:41.572440,32.2246,27.7559
1595862051.2952268,2020-07-27 18:00:51.295195,32.2246,27.7559
1595869204.6386943,2020-07-27 20:00:04.638680,32.2246,27.7559
1595916059.7013922,2020-07-28 09:00:59.701368,32.6049,27.7571
1595919610.1337206,2020-07-28 10:00:10.133696,32.6049,27.7571
1595926824.7263985,2020-07-28 12:00:24.726375,32.6049,27.7571
1595934038.2574372,2020-07-28 14:00:38.257413,32.6049,27.7571
1595948458.8973444,2020-07-28 18:00:58.897318,32.6049,27.7571
1595955613.5741506,2020-07-28 20:00:13.574126,32.6049,27.7571
1596002406.8172858,2020-07-29 09:00:06.817261,32.4539,27.6851
1596006016.5877783,2020-07-29 10:00:16.587746,32.4539,27.6851
1596013230.0972357,2020-07-29 12:00:30.097210,32.4539,27.6851
1596020443.5373056,2020-07-29 14:00:43.537280,32.4539,27.6851
1596034804.6388867,2020-07-29 18:00:04.638862,32.4539,27.6851
1596042021.715723,2020-07-29 20:00:21.715697,32.4539,27.6851
1596088814.4360573,2020-07-30 09:00:14.436031,32.4696,27.6867
1596092424.0172803,2020-07-30 10:00:24.017256,32.4696,27.6867
1596099637.4528565,2020-07-30 12:00:37.452830,32.4696,27.6867
1596106850.897323,2020-07-30 14:00:50.897298,32.4696,27.6867
1596121212.2357523,2020-07-30 18:00:12.235729,32.4696,27.6867
1596128425.6973221,2020-07-30 20:00:25.697298,32.4696,27.6867
1596175218.6757183,2020-07-31 09:00:18.675693,32.547,27.6913
1596178828.2186635,2020-07-31 10:00:28.218637,32.547,27.6913
1596186041.4388523,2020-07-31 12:00:41.438828,32.547,27.6913
1596193254.614128,2020-07-31 14:00:54.614103,32.547,27.6913
1596207615.1989152,2020-07-31 18:00:15.198891,32.547,27.6913
1596214833.574124,2020-07-31 20:00:33.574100,32.547,27.6913
1596261627.3341198,2020-08-01 09:00:27.334094,32.547,27.6913
1596265236.9156733,2020-08-01 10:00:36.915647,32.547,27.6913
1596272450.0972047,2020-08-01 12:00:50.097180,32.547,27.6913
1596279603.7341676,2020-08-01 14:00:03.734142,32.547,27.6913
1596294024.3741639,2020-08-01 18:00:24.374139,32.547,27.6913
1596301237.8141608,2020-08-01 20:00:37.814136,32.547,27.6913
1596348030.5341296,2020-08-02 09:00:30.534105,32.547,27.6913
1596351640.1116676,2020-08-02 10:00:40.111643,32.547,27.6913
1596358853.2971802,2020-08-02 12:00:53.297155,32.547,27.6913
1596366006.6942127,2020-08-02 14:00:06.694188,32.547,27.6913
1596380427.469642,2020-08-02 18:00:27.469618,32.547,27.6913
1596387640.8794575,2020-08-02 20:00:40.879433,32.547,27.6913
1596434435.5756521,2020-08-03 09:00:35.575628,32.7812,27.6798
1596438045.150166,2020-08-03 10:00:45.150141,32.7812,27.6798
1596445259.674777,2020-08-03 12:00:59.674752,32.7812,27.6798
1596452414.4507813,2020-08-03 14:00:14.450758,32.7812,27.6798
1596466835.4806361,2020-08-03 18:00:35.480612,32.7812,27.6798
1596474049.9876704,2020-08-03 20:00:49.987640,32.7812,27.6798
1596520844.7824254,2020-08-04 09:00:44.782401,32.5169,27.7365
1596524454.3674378,2020-08-04 10:00:54.367414,32.5169,27.7365
1596531607.9040008,2020-08-04 12:00:07.903976,32.5169,27.7365
1596538821.8833892,2020-08-04 14:00:21.883357,32.5169,27.7365
1596553242.651618,2020-08-04 18:00:42.651593,32.5169,27.7365
1596560459.0717828,2020-08-04 20:00:59.071758,32.5169,27.7365
1596607254.080008,2020-08-05 09:00:54.079984,32.7234,27.8225
1596610803.623689,2020-08-05 10:00:03.623665,32.7234,27.8225
1596618016.7507355,2020-08-05 12:00:16.750711,32.7234,27.8225
1596625230.1252706,2020-08-05 14:00:30.125246,32.7234,27.8225
1596639651.2654574,2020-08-05 18:00:51.265426,32.7234,27.8225
1596646804.9394264,2020-08-05 20:00:04.939402,32.7234,27.8225
1596693659.7033427,2020-08-06 09:00:59.703318,32.9012,27.7028
1596697209.9496255,2020-08-06 10:00:09.949600,32.9012,27.7028
1596704423.3188744,2020-08-06 12:00:23.318850,32.9012,27.7028
1596711636.904983,2020-08-06 14:00:36.904958,32.9012,27.7028
1596726057.8592796,2020-08-06 18:00:57.859254,32.9012,27.7028
1596733211.8444662,2020-08-06 20:00:11.844441,32.9012,27.7028
1596780005.9649422,2020-08-07 09:00:05.964918,32.7972,27.6793
1596783615.7163522,2020-08-07 10:00:15.716327,32.7972,27.6793
1596790829.1940718,2020-08-07 12:00:29.194047,32.7972,27.6793
1596798042.8047786,2020-08-07 14:00:42.804754,32.7972,27.6793
1596812403.7250488,2020-08-07 18:00:03.725024,32.7972,27.6793
1596819617.3366098,2020-08-07 20:00:17.336584,32.7972,27.6793
1596866411.7781608,2020-08-08 09:00:11.778137,32.7972,27.6793
1596870021.4334216,2020-08-08 10:00:21.433396,32.7972,27.6793
1596877234.4407616,2020-08-08 12:00:34.440737,32.7972,27.6793
1596884447.820803,2020-08-08 14:00:47.820778,32.7972,27.6793
1596898808.6656003,2020-08-08 18:00:08.665577,32.7972,27.6793
1596906022.1073263,2020-08-08 20:00:22.107301,32.7972,27.6793
1596952816.0531552,2020-08-09 09:00:16.053130,32.7972,27.6793
1596956425.8135424,2020-08-09 10:00:25.813518,32.7972,27.6793
1596963638.9694283,2020-08-09 12:00:38.969404,32.7972,27.6793
1596970852.8851225,2020-08-09 14:00:52.885098,32.7972,27.6793
1596985213.3343282,2020-08-09 18:00:13.334304,32.7972,27.6793
1596992426.9409285,2020-08-09 20:00:26.940904,32.7972,27.6793
1597039220.0260353,2020-08-10 09:00:20.026010,32.6848,27.6486
1597042829.6793485,2020-08-10 10:00:29.679324,32.6848,27.6486
1597050044.5433211,2020-08-10 12:00:44.543296,32.6848,27.6486
1597057257.9264803,2020-08-10 14:00:57.926457,32.6848,27.6486
1597071618.6707423,2020-08-10 18:00:18.670717,32.6848,27.6486
1597078837.6957476,2020-08-10 20:00:37.695721,32.6848,27.6486
1597125630.6888301,2020-08-11 09:00:30.688806,32.4653,27.6007
1597129240.3520708,2020-08-11 10:00:40.352047,32.4653,27.6007
1597136454.339449,2020-08-11 12:00:54.339418,32.4653,27.6007
1597143607.6541438,2020-08-11 14:00:07.654117,32.4653,27.6007
1597158028.0356872,2020-08-11 18:00:28.035662,32.4653,27.6007
1597165241.2172854,2020-08-11 20:00:41.217259,32.4653,27.6007
1597212034.1956515,2020-08-12 09:00:34.195626,32.5562,27.5982
1597215644.817297,2020-08-12 10:00:44.817273,32.5562,27.5982
1597222859.297229,2020-08-12 12:00:59.297204,32.5562,27.5982
1597230014.2258196,2020-08-12 14:00:14.225787,32.5562,27.5982
1597244435.1372507,2020-08-12 18:00:35.137225,32.5562,27.5982
1597251648.5211205,2020-08-12 20:00:48.521095,32.5562,27.5982
1597298442.3373013,2020-08-13 09:00:42.337276,32.3961,27.5266
1597302052.4356637,2020-08-13 10:00:52.435640,32.3961,27.5266
1597309205.1742272,2020-08-13 12:00:05.174202,32.3961,27.5266
1597316419.174214,2020-08-13 14:00:19.174189,32.3961,27.5266
1597330839.8941686,2020-08-13 18:00:39.894143,32.3961,27.5266
1597338053.3341715,2020-08-13 20:00:53.334147,32.3961,27.5266
1598162414.1424525,2020-08-23 09:00:14.142421,32.5529,27.4812
1598166024.2057958,2020-08-23 10:00:24.205764,32.5529,27.4812
1598173238.2040305,2020-08-23 12:00:38.204005,32.5529,27.4812
1598180451.3855743,2020-08-23 14:00:51.385549,32.5529,27.4812
1598194811.7055109,2020-08-23 18:00:11.705486,32.5529,27.4812
1598202024.8868604,2020-08-23 20:00:24.886836,32.5529,27.4812
1598248858.6734908,2020-08-24 09:00:58.673458,32.5529,27.4812
1598252409.0025167,2020-08-24 10:00:09.002486,32.5529,27.4812
1598259622.354931,2020-08-24 12:00:22.354901,32.5529,27.4812
1598266836.199932,2020-08-24 14:00:36.199908,32.5529,27.4812
1598281257.2069945,2020-08-24 18:00:57.206969,32.5529,27.4812
1598288410.7523959,2020-08-24 20:00:10.752371,32.5529,27.4812
1598421600.433251,2020-08-26 09:00:00.433219,32.4087,27.4383
1598425212.6056707,2020-08-26 10:00:12.605640,32.4087,27.4383
1598432426.3042445,2020-08-26 12:00:26.304213,32.4087,27.4383
1598439639.7442458,2020-08-26 14:00:39.744213,32.4087,27.4383
1598454000.3227162,2020-08-26 18:00:00.322685,32.4087,27.4383
1598461216.1132712,2020-08-26 20:00:16.113247,32.4087,27.4383
1598508059.6912687,2020-08-27 09:00:59.691238,32.2812,27.386
1598511609.9486656,2020-08-27 10:00:09.948636,32.2812,27.386
1598518823.4052675,2020-08-27 12:00:23.405237,32.2812,27.386
1598526037.7453105,2020-08-27 14:00:37.745279,32.2812,27.386
1598540458.599366,2020-08-27 18:00:58.599340,32.2812,27.386
1598547612.992139,2020-08-27 20:00:12.992115,32.2812,27.386
1598594459.2504585,2020-08-28 09:00:59.250428,32.4279,27.4615
1598598009.3861086,2020-08-28 10:00:09.386083,32.4279,27.4615
1598605222.7336516,2020-08-28 12:00:22.733627,32.4279,27.4615
1598612436.743138,2020-08-28 14:00:36.743114,32.4279,27.4615
1598626856.843007,2020-08-28 18:00:56.842981,32.4279,27.4615
1598634010.709072,2020-08-28 20:00:10.709047,32.4279,27.4615
1598680859.677743,2020-08-29 09:00:59.677710,32.4279,27.4615
1598684409.661657,2020-08-29 10:00:09.661627,32.4279,27.4615
1598691622.9022057,2020-08-29 12:00:22.902181,32.4279,27.4615
1598698836.0777872,2020-08-29 14:00:36.077764,32.4279,27.4615
1598713256.4592633,2020-08-29 18:00:56.459239,32.4279,27.4615
1598720410.1022947,2020-08-29 20:00:10.102270,32.4279,27.4615
1598767200.3385391,2020-08-30 09:00:00.338507,32.4279,27.4615
1598770811.9232395,2020-08-30 10:00:11.923209,32.4279,27.4615
1598778025.5494199,2020-08-30 12:00:25.549396,32.4279,27.4615
1598785238.661766,2020-08-30 14:00:38.661741,32.4279,27.4615
1598799658.988693,2020-08-30 18:00:58.988668,32.4279,27.4615
1598806812.5665846,2020-08-30 20:00:12.566560,32.4279,27.4615
1598853659.825823,2020-08-31 09:00:59.825792,32.7334,27.4759
1598857209.8305707,2020-08-31 10:00:09.830541,32.7334,27.4759
1598864422.7883835,2020-08-31 12:00:22.788360,32.7334,27.4759
1598871636.7075303,2020-08-31 14:00:36.707507,32.7334,27.4759
1598886058.0687194,2020-08-31 18:00:58.068695,32.7334,27.4759
1598893211.996536,2020-08-31 20:00:11.996512,32.7334,27.4759
1598940059.822822,2020-09-01 09:00:59.822791,32.895,27.5618
1598943610.3634028,2020-09-01 10:00:10.363369,32.895,27.5618
1598950824.9785936,2020-09-01 12:00:24.978568,32.895,27.5618
1598958038.6975548,2020-09-01 14:00:38.697530,32.895,27.5618
1598972459.3040097,2020-09-01 18:00:59.303984,32.895,27.5618
1599026459.821366,2020-09-02 09:00:59.821334,33.0721,27.6049
1599030010.2030072,2020-09-02 10:00:10.202975,33.0721,27.6049
1599037223.2431595,2020-09-02 12:00:23.243135,33.0721,27.6049
1599044436.7974684,2020-09-02 14:00:36.797445,33.0721,27.6049
1599058858.0250623,2020-09-02 18:00:58.025039,33.0721,27.6049
1599066011.553016,2020-09-02 20:00:11.552992,33.0721,27.6049
1599112800.8800578,2020-09-03 09:00:00.880027,32.7996,27.6428
1599116413.072002,2020-09-03 10:00:13.071969,32.7996,27.6428
1599123626.5692186,2020-09-03 12:00:26.569194,32.7996,27.6428
