h_t,t,e_b,e_s,d_b,d_s,e_card_b,e_card_s,d_card_b,d_card_s
2020-06-30 15:51:06,1593521466,29.55,30.25,26.5,26.8,30.63,30.43,27.27,27.07
2020-07-01 12:24:47,1593595487,29.55,30.15,26.5,26.8,30.57,30.37,27.27,27.07
2020-07-01 14:43:09,1593603789,29.6,30.2,26.55,26.85,30.57,30.37,27.27,27.07
2020-07-01 15:08:56,1593605336,29.6,30.2,26.55,26.85,30.57,30.37,27.27,27.07
2020-07-01 16:32:15,1593610335,29.6,30.2,26.55,26.85,30.57,30.37,27.27,27.07
2020-07-01 17:00:12,1593612012,29.6,30.2,26.55,26.85,30.57,30.37,27.27,27.07
2020-07-01 18:13:33,1593616413,29.6,30.2,26.55,26.85,30.57,30.37,27.27,27.07
2020-07-02 10:03:57,1593673437,29.8,30.55,26.65,27.0,30.57,30.37,27.27,27.07
2020-07-03 11:17:20,1593764240,30.0,30.97,26.9,27.45,31.32,31.12,27.67,27.47
2020-07-06 11:12:16,1594023136,30.1,30.8,26.85,27.35,31.13,30.93,27.72,27.52
2020-07-06 18:06:41,1594048001,30.1,30.8,26.85,27.35,31.13,30.93,27.72,27.52
2020-07-19 18:42:28,1595173348,30.98,31.65,27.2,27.55,31.75,31.55,27.81,27.61
2020-07-19 18:45:06,1595173506,30.98,31.65,27.2,27.55,31.75,31.55,27.81,27.61
2020-07-20 11:10:15,1595232615,30.85,31.75,27.2,27.65,32.03,31.83,28.0,27.8
2020-07-21 11:16:55,1595319415,31.1,31.85,27.4,27.8,32.32,32.12,28.23,28.03
2020-07-21 17:31:30,1595341890,31.1,31.85,27.4,27.8,32.32,32.12,28.23,28.03
2020-07-21 22:42:29,1595360549,31.1,31.85,27.4,27.8,32.32,32.12,28.23,28.03
2020-07-21 23:28:59,1595363339,31.1,31.85,27.4,27.8,32.32,32.12,28.23,28.03
2020-07-22 12:58:13,1595411893,31.55,32.45,27.6,28.05,32.38,32.18,28.28,28.08
2020-07-22 11:51:52,1595407912,31.55,32.45,27.6,28.05,32.38,32.18,28.28,28.08
2020-07-22 14:29:05,1595417345,31.55,32.45,27.6,28.05,32.38,32.18,28.28,28.08
2020-07-22 18:29:11,1595431751,31.55,32.45,27.6,28.05,32.38,32.18,28.28,28.08
2020-07-23 11:29:19,1595492959,31.8,32.7,27.7,28.15,32.95,32.75,28.43,28.23
2020-07-23 17:11:39.911162,1595513499.9111638,31.8,32.7,27.7,28.15,32.95,32.75,28.43,28.23
2020-07-23 18:00:02.734125,1595516402.7341354,31.8,32.7,27.7,28.15,32.95,32.75,28.43,28.23
2020-07-24 11:00:04.568251,1595577604.5682619,31.7,32.6,27.55,28.0,33.0,32.8,28.48,28.28
2020-07-24 11:01:11.781059,1595577671.7810664,31.7,32.6,27.55,28.0,33.0,32.8,28.48,28.28
2020-07-24 11:02:17.810782,1595577737.8107898,31.7,32.6,27.55,28.0,33.0,32.8,28.48,28.28
2020-07-24 11:03:24.861038,1595577804.8610463,31.7,32.6,27.55,28.0,33.0,32.8,28.48,28.28
2020-07-24 11:04:32.119109,1595577872.1191175,31.7,32.6,27.55,28.0,33.0,32.8,28.48,28.28
2020-07-24 11:05:39.304400,1595577939.3044088,31.7,32.6,27.55,28.0,33.0,32.8,28.48,28.28
2020-07-24 11:06:46.407953,1595578006.407962,31.7,32.6,27.55,28.0,33.0,32.8,28.48,28.28
2020-07-24 11:07:52.147075,1595578072.1470838,31.7,32.6,27.55,28.0,33.0,32.8,28.48,28.28
2020-07-24 11:08:58.133545,1595578138.1335533,31.7,32.6,27.55,28.0,33.0,32.8,28.48,28.28
2020-07-24 11:10:04.519976,1595578204.5199852,31.7,32.6,27.55,28.0,33.0,32.8,28.48,28.28
2020-07-24 11:11:11.445315,1595578271.4453232,31.7,32.6,27.55,28.0,33.0,32.8,28.48,28.28
2020-07-24 11:12:17.186725,1595578337.1867325,31.7,32.6,27.55,28.0,33.0,32.8,28.48,28.28
2020-07-24 11:13:23.095014,1595578403.095022,31.7,32.6,27.55,28.0,33.0,32.8,28.48,28.28
2020-07-24 11:14:29.051640,1595578469.0516489,31.7,32.6,27.55,28.0,33.0,32.8,28.48,28.28
2020-07-24 11:15:34.935273,1595578534.9352822,31.7,32.6,27.55,28.0,33.0,32.8,28.48,28.28
2020-07-24 11:16:40.759440,1595578600.7594476,31.7,32.6,27.55,28.0,33.0,32.8,28.48,28.28
2020-07-24 11:17:46.860499,1595578666.8605072,31.7,32.6,27.55,28.0,33.0,32.8,28.48,28.28
2020-07-24 11:18:52.947790,1595578732.947798,31.7,32.6,27.55,28.0,33.0,32.8,28.48,28.28
2020-07-24 11:19:58.835777,1595578798.8357856,31.7,32.6,27.55,28.0,33.0,32.8,28.48,28.28
2020-07-24 11:21:05.117051,1595578865.117059,31.7,32.6,27.55,28.0,33.0,32.8,28.48,28.28
2020-07-24 11:22:11.259371,1595578931.2593796,31.6,32.5,27.47,27.93,33.0,32.8,28.48,28.28
2020-07-24 11:23:18.633139,1595578998.6331475,31.6,32.5,27.47,27.93,33.0,32.8,28.48,28.28
2020-07-24 11:24:25.405419,1595579065.4054284,31.6,32.5,27.47,27.93,33.0,32.8,28.48,28.28
2020-07-24 11:25:31.710803,1595579131.7108111,31.6,32.5,27.47,27.93,33.0,32.8,28.48,28.28
2020-07-24 11:26:37.690499,1595579197.6905062,31.6,32.5,27.47,27.93,33.0,32.8,28.48,28.28
2020-07-24 11:27:43.838634,1595579263.8386428,31.6,32.5,27.47,27.93,33.0,32.8,28.48,28.28
2020-07-24 11:28:49.738808,1595579329.7388165,31.6,32.5,27.47,27.93,33.0,32.8,28.48,28.28
2020-07-24 11:29:55.680278,1595579395.680287,31.6,32.5,27.47,27.93,33.0,32.8,28.48,28.28
2020-07-24 11:31:01.737787,1595579461.7377958,31.6,32.5,27.47,27.93,33.0,32.8,28.48,28.28
2020-07-24 11:32:07.646974,1595579527.6469822,31.6,32.5,27.47,27.93,33.0,32.8,28.48,28.28
2020-07-24 11:33:13.874079,1595579593.8740876,31.6,32.5,27.47,27.93,33.0,32.8,28.48,28.28
2020-07-24 11:34:19.909773,1595579659.9097805,31.6,32.5,27.47,27.93,33.0,32.8,28.48,28.28
2020-07-24 11:35:25.960863,1595579725.960871,31.6,32.5,27.47,27.93,33.0,32.8,28.48,28.28
2020-07-24 11:36:31.994430,1595579791.9944384,31.6,32.5,27.47,27.93,33.0,32.8,28.48,28.28
2020-07-24 11:37:38.084425,1595579858.0844343,31.6,32.5,27.47,27.93,33.0,32.8,28.48,28.28
2020-07-24 11:38:44.042411,1595579924.0424192,31.6,32.5,27.47,27.93,33.0,32.8,28.48,28.28
2020-07-24 11:39:49.925924,1595579989.9259322,31.6,32.5,27.47,27.93,33.0,32.8,28.48,28.28
2020-07-24 11:40:55.924234,1595580055.924242,31.6,32.5,27.47,27.93,33.0,32.8,28.48,28.28
2020-07-24 11:42:02.469545,1595580122.469553,31.6,32.5,27.47,27.93,33.0,32.8,28.48,28.28
2020-07-24 11:43:08.713245,1595580188.713254,31.6,32.5,27.47,27.93,33.0,32.8,28.48,28.28
2020-07-24 11:44:15.463518,1595580255.4635267,31.6,32.5,27.47,27.93,33.0,32.8,28.48,28.28
2020-07-24 11:45:21.381982,1595580321.3819907,31.6,32.5,27.47,27.93,33.0,32.8,28.48,28.28
2020-07-24 11:46:27.296320,1595580387.2963278,31.6,32.5,27.47,27.93,33.0,32.8,28.48,28.28
2020-07-24 11:47:33.350677,1595580453.3506868,31.6,32.5,27.47,27.93,33.0,32.8,28.48,28.28
2020-07-24 11:48:39.333463,1595580519.3334715,31.6,32.5,27.47,27.93,33.0,32.8,28.48,28.28
2020-07-24 11:49:45.596231,1595580585.5962398,31.6,32.5,27.47,27.93,33.0,32.8,28.48,28.28
2020-07-24 11:50:51.702502,1595580651.7025106,31.6,32.5,27.47,27.93,33.0,32.8,28.48,28.28
2020-07-24 11:51:57.729742,1595580717.72975,31.6,32.5,27.47,27.93,33.0,32.8,28.48,28.28
2020-07-24 11:53:03.707120,1595580783.7071278,31.6,32.5,27.47,27.93,33.0,32.8,28.48,28.28
2020-07-24 11:54:09.538441,1595580849.5384488,31.6,32.5,27.47,27.93,33.0,32.8,28.48,28.28
2020-07-24 11:55:16.043697,1595580916.0437057,31.6,32.5,27.47,27.93,33.0,32.8,28.48,28.28
2020-07-24 11:56:22.253305,1595580982.2533145,31.6,32.5,27.47,27.93,33.0,32.8,28.48,28.28
2020-07-24 11:57:30.077440,1595581050.0774481,31.6,32.5,27.47,27.93,33.0,32.8,28.48,28.28
2020-07-24 11:58:35.802146,1595581115.802154,31.6,32.5,27.47,27.93,33.0,32.8,28.48,28.28
2020-07-24 11:59:42.140230,1595581182.1402376,31.6,32.5,27.47,27.93,33.0,32.8,28.48,28.28
2020-07-24 14:00:55.329636,1595588455.3296437,31.6,32.5,27.47,27.93,33.0,32.8,28.48,28.28
2020-07-24 14:01:58.903874,1595588518.9038827,31.6,32.5,27.47,27.93,33.0,32.8,28.48,28.28
2020-07-24 14:03:02.566688,1595588582.5666962,31.6,32.5,27.47,27.93,33.0,32.8,28.48,28.28
2020-07-24 14:04:06.095780,1595588646.0957878,31.6,32.5,27.47,27.93,33.0,32.8,28.48,28.28
2020-07-24 14:05:10.203311,1595588710.2033198,31.6,32.5,27.47,27.93,33.0,32.8,28.48,28.28
2020-07-24 14:06:13.799594,1595588773.7996023,31.6,32.5,27.47,27.93,33.0,32.8,28.48,28.28
2020-07-24 14:07:17.256312,1595588837.25632,31.6,32.5,27.47,27.93,33.0,32.8,28.48,28.28
2020-07-24 14:08:21.939385,1595588901.9393935,31.6,32.5,27.47,27.93,33.0,32.8,28.48,28.28
2020-07-24 14:09:25.422179,1595588965.4221878,31.6,32.5,27.47,27.93,33.0,32.8,28.48,28.28
2020-07-24 14:10:29.020653,1595589029.0206618,31.6,32.5,27.47,27.93,33.0,32.8,28.48,28.28
2020-07-24 14:11:32.505692,1595589092.5056999,31.6,32.5,27.47,27.93,33.0,32.8,28.48,28.28
2020-07-24 14:12:36.609829,1595589156.6098373,31.6,32.5,27.47,27.93,33.0,32.8,28.48,28.28
2020-07-24 14:13:40.549014,1595589220.549022,31.6,32.5,27.47,27.93,33.0,32.8,28.48,28.28
2020-07-24 14:14:44.300648,1595589284.3006563,31.6,32.5,27.47,27.93,33.0,32.8,28.48,28.28
2020-07-24 14:15:47.936699,1595589347.9367068,31.6,32.5,27.47,27.93,33.0,32.8,28.48,28.28
2020-07-24 14:16:51.376756,1595589411.3767643,31.6,32.5,27.47,27.93,33.0,32.8,28.48,28.28
2020-07-24 14:17:55.636098,1595589475.6361065,31.6,32.5,27.47,27.93,33.0,32.8,28.48,28.28
2020-07-24 14:18:59.333145,1595589539.3331532,31.6,32.5,27.47,27.93,33.0,32.8,28.48,28.28
2020-07-24 14:20:03.377300,1595589603.3773081,31.6,32.5,27.47,27.93,33.0,32.8,28.48,28.28
2020-07-24 14:21:07.380679,1595589667.3806875,31.6,32.5,27.47,27.93,33.0,32.8,28.48,28.28
2020-07-24 14:22:10.963995,1595589730.964003,31.6,32.5,27.47,27.93,33.0,32.8,28.48,28.28
2020-07-24 14:23:14.604302,1595589794.60431,31.6,32.5,27.47,27.93,33.0,32.8,28.48,28.28
2020-07-24 14:24:18.697213,1595589858.6972222,31.6,32.5,27.47,27.93,33.0,32.8,28.48,28.28
2020-07-24 14:25:22.875104,1595589922.8751116,31.6,32.5,27.47,27.93,33.0,32.8,28.48,28.28
2020-07-24 14:26:26.385592,1595589986.3856008,31.6,32.5,27.47,27.93,33.0,32.8,28.48,28.28
2020-07-24 14:27:30.776396,1595590050.776405,31.6,32.5,27.47,27.93,33.0,32.8,28.48,28.28
2020-07-24 14:28:34.387148,1595590114.387157,31.6,32.5,27.47,27.93,33.0,32.8,28.48,28.28
2020-07-24 14:29:38.005235,1595590178.0052428,31.6,32.5,27.47,27.93,33.0,32.8,28.48,28.28
2020-07-24 14:30:41.480380,1595590241.4803886,31.6,32.5,27.47,27.93,33.0,32.8,28.48,28.28
2020-07-24 14:31:45.324160,1595590305.324168,31.6,32.5,27.47,27.93,33.0,32.8,28.48,28.28
2020-07-24 14:32:48.712476,1595590368.7124844,31.6,32.5,27.47,27.93,33.0,32.8,28.48,28.28
2020-07-24 14:33:52.191449,1595590432.1914582,31.6,32.5,27.47,27.93,33.0,32.8,28.48,28.28
2020-07-24 14:34:55.760170,1595590495.7601795,31.6,32.5,27.47,27.93,33.0,32.8,28.48,28.28
2020-07-24 14:35:59.478721,1595590559.4787292,31.6,32.5,27.47,27.93,33.0,32.8,28.48,28.28
2020-07-24 14:37:03.784080,1595590623.7840881,31.6,32.5,27.47,27.93,33.0,32.8,28.48,28.28
2020-07-24 14:38:07.546833,1595590687.5468411,31.6,32.5,27.47,27.93,33.0,32.8,28.48,28.28
2020-07-24 14:39:11.190034,1595590751.1900427,31.6,32.5,27.47,27.93,33.0,32.8,28.48,28.28
2020-07-24 14:40:14.846954,1595590814.8469622,31.6,32.5,27.47,27.93,33.0,32.8,28.48,28.28
2020-07-24 14:41:18.483106,1595590878.4831142,31.6,32.5,27.47,27.93,33.0,32.8,28.48,28.28
2020-07-24 14:42:21.998296,1595590941.998305,31.6,32.5,27.47,27.93,33.0,32.8,28.48,28.28
2020-07-24 14:43:26.330306,1595591006.3303146,31.6,32.5,27.47,27.93,33.0,32.8,28.48,28.28
2020-07-24 14:44:29.897880,1595591069.8978896,31.6,32.5,27.47,27.93,33.0,32.8,28.48,28.28
2020-07-24 14:45:33.474703,1595591133.4747105,31.6,32.5,27.47,27.93,33.0,32.8,28.48,28.28
2020-07-24 14:46:37.539605,1595591197.5396132,31.6,32.5,27.47,27.93,33.0,32.8,28.48,28.28
2020-07-24 14:47:41.105209,1595591261.1052177,31.6,32.5,27.47,27.93,33.0,32.8,28.48,28.28
2020-07-24 14:48:44.623295,1595591324.623304,31.6,32.5,27.47,27.93,33.0,32.8,28.48,28.28
2020-07-24 14:49:48.262740,1595591388.2627497,31.6,32.5,27.47,27.93,33.0,32.8,28.48,28.28
2020-07-24 14:50:52.104183,1595591452.1041908,31.6,32.5,27.47,27.93,33.0,32.8,28.48,28.28
2020-07-24 14:51:55.727352,1595591515.7273598,31.6,32.5,27.47,27.93,33.0,32.8,28.48,28.28
2020-07-24 14:52:59.393430,1595591579.393439,31.6,32.5,27.47,27.93,33.0,32.8,28.48,28.28
2020-07-24 14:54:03.374520,1595591643.3745282,31.6,32.5,27.47,27.93,33.0,32.8,28.48,28.28
2020-07-24 14:55:06.986663,1595591706.9866712,31.6,32.5,27.47,27.93,33.0,32.8,28.48,28.28
2020-07-24 14:56:10.404910,1595591770.4049184,31.6,32.5,27.47,27.93,33.0,32.8,28.48,28.28
2020-07-24 14:57:13.796124,1595591833.7961326,31.6,32.5,27.47,27.93,33.0,32.8,28.48,28.28
2020-07-24 14:58:17.284752,1595591897.2847598,31.6,32.5,27.47,27.93,33.0,32.8,28.48,28.28
2020-07-24 14:59:20.952974,1595591960.9529831,31.6,32.5,27.47,27.93,33.0,32.8,28.48,28.28
2020-07-24 18:00:35.398812,1595602835.3988209,31.6,32.5,27.47,27.93,33.0,32.8,28.48,28.28
2020-07-25 11:00:40.870558,1595664040.8705664,31.6,32.5,27.47,27.93,33.0,32.8,28.48,28.28
2020-07-25 11:01:44.865338,1595664104.865347,31.6,32.5,27.47,27.93,33.0,32.8,28.48,28.28
2020-07-25 11:02:48.450869,1595664168.450877,31.6,32.5,27.47,27.93,33.0,32.8,28.48,28.28
2020-07-25 11:03:52.639485,1595664232.6394932,31.6,32.5,27.47,27.93,33.0,32.8,28.48,28.28
2020-07-25 11:04:56.280308,1595664296.280316,31.6,32.5,27.47,27.93,33.0,32.8,28.48,28.28
2020-07-25 11:06:00.208926,1595664360.2089336,31.6,32.5,27.47,27.93,33.0,32.8,28.48,28.28
2020-07-25 11:07:08.847385,1595664428.8473952,31.6,32.5,27.47,27.93,33.0,32.8,28.48,28.28
2020-07-25 11:08:12.406678,1595664492.4066873,31.6,32.5,27.47,27.93,33.0,32.8,28.48,28.28
2020-07-25 11:09:15.962291,1595664555.9623008,31.6,32.5,27.47,27.93,33.0,32.8,28.48,28.28
2020-07-25 11:10:19.539546,1595664619.5395548,31.6,32.5,27.47,27.93,33.0,32.8,28.48,28.28
2020-07-25 11:11:23.075961,1595664683.0759704,31.6,32.5,27.47,27.93,33.0,32.8,28.48,28.28
2020-07-25 11:12:26.567848,1595664746.5678566,31.6,32.5,27.47,27.93,33.0,32.8,28.48,28.28
2020-07-25 11:13:30.175801,1595664810.1758094,31.6,32.5,27.47,27.93,33.0,32.8,28.48,28.28
2020-07-25 11:14:33.759321,1595664873.7593293,31.6,32.5,27.47,27.93,33.0,32.8,28.48,28.28
2020-07-25 11:15:37.231812,1595664937.2318203,31.6,32.5,27.47,27.93,33.0,32.8,28.48,28.28
2020-07-25 11:16:40.794379,1595665000.7943878,31.6,32.5,27.47,27.93,33.0,32.8,28.48,28.28
2020-07-25 11:17:44.358520,1595665064.358528,31.6,32.5,27.47,27.93,33.0,32.8,28.48,28.28
2020-07-25 11:18:48.147736,1595665128.1477442,31.6,32.5,27.47,27.93,33.0,32.8,28.48,28.28
2020-07-25 11:19:56.731349,1595665196.7313566,31.6,32.5,27.47,27.93,33.0,32.8,28.48,28.28
2020-07-25 11:21:00.378343,1595665260.3783514,31.6,32.5,27.47,27.93,33.0,32.8,28.48,28.28
2020-07-25 11:22:04.290639,1595665324.290647,31.6,32.5,27.47,27.93,33.0,32.8,28.48,28.28
2020-07-25 11:23:07.933704,1595665387.9337127,31.6,32.5,27.47,27.93,33.0,32.8,28.48,28.28
2020-07-25 11:24:11.888116,1595665451.8881238,31.6,32.5,27.47,27.93,33.0,32.8,28.48,28.28
2020-07-25 11:25:16.139120,1595665516.139128,31.6,32.5,27.47,27.93,33.0,32.8,28.48,28.28
2020-07-25 11:26:19.714293,1595665579.7143023,31.6,32.5,27.47,27.93,33.0,32.8,28.48,28.28
2020-07-25 11:27:23.269598,1595665643.2696059,31.6,32.5,27.47,27.93,33.0,32.8,28.48,28.28
2020-07-25 11:28:26.922140,1595665706.9221485,31.6,32.5,27.47,27.93,33.0,32.8,28.48,28.28
2020-07-25 11:29:30.570916,1595665770.570924,31.6,32.5,27.47,27.93,33.0,32.8,28.48,28.28
2020-07-25 11:30:34.285795,1595665834.2858028,31.6,32.5,27.47,27.93,33.0,32.8,28.48,28.28
2020-07-25 11:31:37.883077,1595665897.8830867,31.6,32.5,27.47,27.93,33.0,32.8,28.48,28.28
2020-07-25 11:32:41.353663,1595665961.3536708,31.6,32.5,27.47,27.93,33.0,32.8,28.48,28.28
2020-07-25 11:33:44.862161,1595666024.8621686,31.6,32.5,27.47,27.93,33.0,32.8,28.48,28.28
2020-07-25 11:34:48.381972,1595666088.381981,31.6,32.5,27.47,27.93,33.0,32.8,28.48,28.28
2020-07-25 11:35:52.127788,1595666152.127796,31.6,32.5,27.47,27.93,33.0,32.8,28.48,28.28
2020-07-25 11:36:55.575091,1595666215.5751002,31.6,32.5,27.47,27.93,33.0,32.8,28.48,28.28
2020-07-25 11:37:59.402113,1595666279.402121,31.6,32.5,27.47,27.93,33.0,32.8,28.48,28.28
2020-07-25 11:39:03.199837,1595666343.199845,31.6,32.5,27.47,27.93,33.0,32.8,28.48,28.28
2020-07-25 11:40:07.017699,1595666407.0177064,31.6,32.5,27.47,27.93,33.0,32.8,28.48,28.28
2020-07-25 11:41:10.697922,1595666470.6979306,31.6,32.5,27.47,27.93,33.0,32.8,28.48,28.28
2020-07-25 11:42:14.356349,1595666534.3563578,31.6,32.5,27.47,27.93,33.0,32.8,28.48,28.28
2020-07-25 11:43:17.728214,1595666597.7282221,31.6,32.5,27.47,27.93,33.0,32.8,28.48,28.28
2020-07-25 11:44:21.594222,1595666661.594231,31.6,32.5,27.47,27.93,33.0,32.8,28.48,28.28
2020-07-25 11:45:25.138506,1595666725.1385143,31.6,32.5,27.47,27.93,33.0,32.8,28.48,28.28
2020-07-25 11:46:28.869986,1595666788.8699954,31.6,32.5,27.47,27.93,33.0,32.8,28.48,28.28
2020-07-25 11:47:32.357160,1595666852.3571677,31.6,32.5,27.47,27.93,33.0,32.8,28.48,28.28
2020-07-25 11:48:35.885765,1595666915.885774,31.6,32.5,27.47,27.93,33.0,32.8,28.48,28.28
2020-07-25 11:49:39.495200,1595666979.495208,31.6,32.5,27.47,27.93,33.0,32.8,28.48,28.28
2020-07-25 11:50:43.098428,1595667043.0984356,31.6,32.5,27.47,27.93,33.0,32.8,28.48,28.28
2020-07-25 11:51:46.619742,1595667106.6197512,31.6,32.5,27.47,27.93,33.0,32.8,28.48,28.28
2020-07-25 11:52:50.301490,1595667170.3014982,31.6,32.5,27.47,27.93,33.0,32.8,28.48,28.28
2020-07-25 11:53:54.044948,1595667234.044956,31.6,32.5,27.47,27.93,33.0,32.8,28.48,28.28
2020-07-25 11:54:57.762023,1595667297.7620313,31.6,32.5,27.47,27.93,33.0,32.8,28.48,28.28
2020-07-25 11:56:01.247005,1595667361.2470138,31.6,32.5,27.47,27.93,33.0,32.8,28.48,28.28
2020-07-25 11:57:04.864467,1595667424.8644748,31.6,32.5,27.47,27.93,33.0,32.8,28.48,28.28
2020-07-25 11:58:08.594583,1595667488.5945907,31.6,32.5,27.47,27.93,33.0,32.8,28.48,28.28
2020-07-25 11:59:12.263303,1595667552.2633119,31.6,32.5,27.47,27.93,33.0,32.8,28.48,28.28
2020-07-25 14:00:23.381536,1595674823.3815446,31.6,32.5,27.47,27.93,33.0,32.8,28.48,28.28
2020-07-25 14:01:26.797642,1595674886.7976499,31.6,32.5,27.47,27.93,33.0,32.8,28.48,28.28
2020-07-25 14:02:30.453715,1595674950.4537232,31.6,32.5,27.47,27.93,33.0,32.8,28.48,28.28
2020-07-25 14:03:34.044274,1595675014.0442824,31.6,32.5,27.47,27.93,33.0,32.8,28.48,28.28
2020-07-25 14:04:37.818218,1595675077.8182263,31.6,32.5,27.47,27.93,33.0,32.8,28.48,28.28
2020-07-25 14:05:41.319098,1595675141.3191063,31.6,32.5,27.47,27.93,33.0,32.8,28.48,28.28
2020-07-25 14:06:44.910719,1595675204.910728,31.6,32.5,27.47,27.93,33.0,32.8,28.48,28.28
2020-07-25 14:07:48.529225,1595675268.5292332,31.6,32.5,27.47,27.93,33.0,32.8,28.48,28.28
2020-07-25 14:08:52.053594,1595675332.053603,31.6,32.5,27.47,27.93,33.0,32.8,28.48,28.28
2020-07-25 14:09:55.716217,1595675395.7162254,31.6,32.5,27.47,27.93,33.0,32.8,28.48,28.28
2020-07-25 14:11:05.290466,1595675465.2904735,31.6,32.5,27.47,27.93,33.0,32.8,28.48,28.28
2020-07-25 14:12:13.773781,1595675533.7737896,31.6,32.5,27.47,27.93,33.0,32.8,28.48,28.28
2020-07-25 14:13:17.324836,1595675597.3248456,31.6,32.5,27.47,27.93,33.0,32.8,28.48,28.28
2020-07-25 14:14:26.355558,1595675666.355566,31.6,32.5,27.47,27.93,33.0,32.8,28.48,28.28
2020-07-25 14:15:30.159213,1595675730.1592214,31.6,32.5,27.47,27.93,33.0,32.8,28.48,28.28
2020-07-25 14:16:33.767662,1595675793.7676706,31.6,32.5,27.47,27.93,33.0,32.8,28.48,28.28
2020-07-25 14:17:37.261026,1595675857.261036,31.6,32.5,27.47,27.93,33.0,32.8,28.48,28.28
2020-07-25 14:18:40.833634,1595675920.833643,31.6,32.5,27.47,27.93,33.0,32.8,28.48,28.28
2020-07-25 14:19:44.301591,1595675984.301599,31.6,32.5,27.47,27.93,33.0,32.8,28.48,28.28
2020-07-25 14:20:47.841525,1595676047.8415334,31.6,32.5,27.47,27.93,33.0,32.8,28.48,28.28
2020-07-25 14:21:51.266622,1595676111.2666297,31.6,32.5,27.47,27.93,33.0,32.8,28.48,28.28
2020-07-25 14:22:54.741757,1595676174.7417653,31.6,32.5,27.47,27.93,33.0,32.8,28.48,28.28
2020-07-25 14:23:58.301079,1595676238.3010879,31.6,32.5,27.47,27.93,33.0,32.8,28.48,28.28
2020-07-25 14:25:01.791206,1595676301.7912147,31.6,32.5,27.47,27.93,33.0,32.8,28.48,28.28
2020-07-25 14:26:05.544876,1595676365.5448844,31.6,32.5,27.47,27.93,33.0,32.8,28.48,28.28
2020-07-25 14:27:09.272209,1595676429.2722173,31.6,32.5,27.47,27.93,33.0,32.8,28.48,28.28
2020-07-25 14:28:12.872235,1595676492.872244,31.6,32.5,27.47,27.93,33.0,32.8,28.48,28.28
2020-07-25 14:29:16.351796,1595676556.3518045,31.6,32.5,27.47,27.93,33.0,32.8,28.48,28.28
2020-07-25 14:30:20.124559,1595676620.1245673,31.6,32.5,27.47,27.93,33.0,32.8,28.48,28.28
2020-07-25 14:31:23.786267,1595676683.7862754,31.6,32.5,27.47,27.93,33.0,32.8,28.48,28.28
2020-07-25 14:32:28.213229,1595676748.2132378,31.6,32.5,27.47,27.93,33.0,32.8,28.48,28.28
2020-07-25 14:33:31.837560,1595676811.8375683,31.6,32.5,27.47,27.93,33.0,32.8,28.48,28.28
2020-07-25 14:34:35.538116,1595676875.5381246,31.6,32.5,27.47,27.93,33.0,32.8,28.48,28.28
2020-07-25 14:35:38.993103,1595676938.993111,31.6,32.5,27.47,27.93,33.0,32.8,28.48,28.28
2020-07-25 14:36:42.370580,1595677002.3705888,31.6,32.5,27.47,27.93,33.0,32.8,28.48,28.28
2020-07-25 14:37:46.011326,1595677066.0113347,31.6,32.5,27.47,27.93,33.0,32.8,28.48,28.28
2020-07-25 14:38:49.714022,1595677129.7140303,31.6,32.5,27.47,27.93,33.0,32.8,28.48,28.28
2020-07-25 14:39:53.303234,1595677193.3032424,31.6,32.5,27.47,27.93,33.0,32.8,28.48,28.28
2020-07-25 14:40:56.695565,1595677256.6955736,31.6,32.5,27.47,27.93,33.0,32.8,28.48,28.28
2020-07-25 14:42:00.361289,1595677320.3612971,31.6,32.5,27.47,27.93,33.0,32.8,28.48,28.28
2020-07-25 14:43:04.071659,1595677384.071667,31.6,32.5,27.47,27.93,33.0,32.8,28.48,28.28
2020-07-25 14:44:07.838011,1595677447.8380194,31.6,32.5,27.47,27.93,33.0,32.8,28.48,28.28
2020-07-25 14:45:11.441934,1595677511.441943,31.6,32.5,27.47,27.93,33.0,32.8,28.48,28.28
2020-07-25 14:46:14.996850,1595677574.996858,31.6,32.5,27.47,27.93,33.0,32.8,28.48,28.28
2020-07-25 14:47:18.469513,1595677638.469521,31.6,32.5,27.47,27.93,33.0,32.8,28.48,28.28
2020-07-25 14:48:21.914544,1595677701.9145527,31.6,32.5,27.47,27.93,33.0,32.8,28.48,28.28
2020-07-25 14:49:25.429735,1595677765.429743,31.6,32.5,27.47,27.93,33.0,32.8,28.48,28.28
2020-07-25 14:50:29.086965,1595677829.0869732,31.6,32.5,27.47,27.93,33.0,32.8,28.48,28.28
2020-07-25 14:51:32.609213,1595677892.6092217,31.6,32.5,27.47,27.93,33.0,32.8,28.48,28.28
2020-07-25 14:52:36.167387,1595677956.167395,31.6,32.5,27.47,27.93,33.0,32.8,28.48,28.28
2020-07-25 14:53:39.884150,1595678019.8841581,31.6,32.5,27.47,27.93,33.0,32.8,28.48,28.28
2020-07-25 14:54:43.649551,1595678083.6495593,31.6,32.5,27.47,27.93,33.0,32.8,28.48,28.28
2020-07-25 14:55:47.020382,1595678147.0203907,31.6,32.5,27.47,27.93,33.0,32.8,28.48,28.28
2020-07-25 14:56:50.531468,1595678210.5314763,31.6,32.5,27.47,27.93,33.0,32.8,28.48,28.28
2020-07-25 14:57:54.246117,1595678274.2461252,31.6,32.5,27.47,27.93,33.0,32.8,28.48,28.28
2020-07-25 14:58:57.835328,1595678337.8353362,31.6,32.5,27.47,27.93,33.0,32.8,28.48,28.28
2020-07-25 18:00:12.286494,1595689212.2865024,31.6,32.5,27.45,27.95,33.0,32.8,28.48,28.28
2020-07-26 11:00:17.086571,1595750417.0865781,31.6,32.5,27.45,27.95,33.0,32.8,28.48,28.28
2020-07-26 11:01:20.946497,1595750480.9465055,31.6,32.5,27.45,27.95,33.0,32.8,28.48,28.28
2020-07-26 11:02:24.519199,1595750544.519209,31.6,32.5,27.45,27.95,33.0,32.8,28.48,28.28
2020-07-26 11:03:28.052292,1595750608.0523012,31.6,32.5,27.45,27.95,33.0,32.8,28.48,28.28
2020-07-26 11:04:31.488927,1595750671.488936,31.6,32.5,27.45,27.95,33.0,32.8,28.48,28.28
2020-07-26 11:05:35.016296,1595750735.016304,31.6,32.5,27.45,27.95,33.0,32.8,28.48,28.28
2020-07-26 11:06:38.652645,1595750798.652654,31.6,32.5,27.45,27.95,33.0,32.8,28.48,28.28
2020-07-26 11:07:42.086490,1595750862.0864983,31.6,32.5,27.45,27.95,33.0,32.8,28.48,28.28
2020-07-26 11:08:45.833885,1595750925.833893,31.6,32.5,27.45,27.95,33.0,32.8,28.48,28.28
2020-07-26 11:09:49.459511,1595750989.4595194,31.6,32.5,27.45,27.95,33.0,32.8,28.48,28.28
2020-07-26 11:10:52.933758,1595751052.9337668,31.6,32.5,27.45,27.95,33.0,32.8,28.48,28.28
2020-07-26 11:11:56.468530,1595751116.468538,31.6,32.5,27.45,27.95,33.0,32.8,28.48,28.28
2020-07-26 11:13:00.126116,1595751180.1261234,31.6,32.5,27.45,27.95,33.0,32.8,28.48,28.28
2020-07-26 11:14:04.284025,1595751244.2840343,31.6,32.5,27.45,27.95,33.0,32.8,28.48,28.28
2020-07-26 11:15:07.719668,1595751307.719677,31.6,32.5,27.45,27.95,33.0,32.8,28.48,28.28
2020-07-26 11:16:11.342134,1595751371.3421414,31.6,32.5,27.45,27.95,33.0,32.8,28.48,28.28
2020-07-26 11:17:14.845456,1595751434.8454645,31.6,32.5,27.45,27.95,33.0,32.8,28.48,28.28
2020-07-26 11:18:18.339091,1595751498.3390994,31.6,32.5,27.45,27.95,33.0,32.8,28.48,28.28
2020-07-26 11:19:21.875182,1595751561.8751907,31.6,32.5,27.45,27.95,33.0,32.8,28.48,28.28
2020-07-26 11:20:25.602899,1595751625.6029081,31.6,32.5,27.45,27.95,33.0,32.8,28.48,28.28
2020-07-26 11:21:30.195844,1595751690.195852,31.6,32.5,27.45,27.95,33.0,32.8,28.48,28.28
2020-07-26 11:22:33.787237,1595751753.7872467,31.6,32.5,27.45,27.95,33.0,32.8,28.48,28.28
2020-07-26 11:23:37.350347,1595751817.3503568,31.6,32.5,27.45,27.95,33.0,32.8,28.48,28.28
2020-07-26 11:24:41.080391,1595751881.080399,31.6,32.5,27.45,27.95,33.0,32.8,28.48,28.28
2020-07-26 11:25:44.647308,1595751944.6473162,31.6,32.5,27.45,27.95,33.0,32.8,28.48,28.28
2020-07-26 11:26:48.356848,1595752008.3568563,31.6,32.5,27.45,27.95,33.0,32.8,28.48,28.28
2020-07-26 11:27:52.107616,1595752072.1076243,31.6,32.5,27.45,27.95,33.0,32.8,28.48,28.28
2020-07-26 11:28:55.594862,1595752135.59487,31.6,32.5,27.45,27.95,33.0,32.8,28.48,28.28
2020-07-26 11:29:59.161134,1595752199.1611428,31.6,32.5,27.45,27.95,33.0,32.8,28.48,28.28
2020-07-26 11:31:03.365065,1595752263.3650732,31.6,32.5,27.45,27.95,33.0,32.8,28.48,28.28
2020-07-26 11:32:07.238067,1595752327.2380748,31.6,32.5,27.45,27.95,33.0,32.8,28.48,28.28
2020-07-26 11:33:11.131244,1595752391.1312518,31.6,32.5,27.45,27.95,33.0,32.8,28.48,28.28
2020-07-26 11:34:14.533858,1595752454.533866,31.6,32.5,27.45,27.95,33.0,32.8,28.48,28.28
2020-07-26 11:35:18.165797,1595752518.1658053,31.6,32.5,27.45,27.95,33.0,32.8,28.48,28.28
2020-07-26 11:36:21.602795,1595752581.6028032,31.6,32.5,27.45,27.95,33.0,32.8,28.48,28.28
2020-07-26 11:37:25.313277,1595752645.313286,31.6,32.5,27.45,27.95,33.0,32.8,28.48,28.28
2020-07-26 11:38:28.958112,1595752708.9581213,31.6,32.5,27.45,27.95,33.0,32.8,28.48,28.28
2020-07-26 11:39:32.505888,1595752772.505896,31.6,32.5,27.45,27.95,33.0,32.8,28.48,28.28
2020-07-26 11:40:35.900701,1595752835.9007092,31.6,32.5,27.45,27.95,33.0,32.8,28.48,28.28
2020-07-26 11:41:39.553010,1595752899.553018,31.6,32.5,27.45,27.95,33.0,32.8,28.48,28.28
2020-07-26 11:42:43.105483,1595752963.105492,31.6,32.5,27.45,27.95,33.0,32.8,28.48,28.28
2020-07-26 11:43:46.941336,1595753026.941345,31.6,32.5,27.45,27.95,33.0,32.8,28.48,28.28
2020-07-26 11:44:50.503486,1595753090.5034945,31.6,32.5,27.45,27.95,33.0,32.8,28.48,28.28
2020-07-26 11:45:54.198128,1595753154.1981359,31.6,32.5,27.45,27.95,33.0,32.8,28.48,28.28
2020-07-26 11:46:57.668281,1595753217.668289,31.6,32.5,27.45,27.95,33.0,32.8,28.48,28.28
2020-07-26 11:48:01.176549,1595753281.1765578,31.6,32.5,27.45,27.95,33.0,32.8,28.48,28.28
2020-07-26 11:49:04.782096,1595753344.7821038,31.6,32.5,27.45,27.95,33.0,32.8,28.48,28.28
2020-07-26 11:50:08.172870,1595753408.1728785,31.6,32.5,27.45,27.95,33.0,32.8,28.48,28.28
2020-07-26 11:51:11.669195,1595753471.6692042,31.6,32.5,27.45,27.95,33.0,32.8,28.48,28.28
2020-07-26 11:52:15.099768,1595753535.0997765,31.6,32.5,27.45,27.95,33.0,32.8,28.48,28.28
2020-07-26 11:53:18.569812,1595753598.5698197,31.6,32.5,27.45,27.95,33.0,32.8,28.48,28.28
2020-07-26 11:54:22.098057,1595753662.0980654,31.6,32.5,27.45,27.95,33.0,32.8,28.48,28.28
2020-07-26 11:55:25.499162,1595753725.4991705,31.6,32.5,27.45,27.95,33.0,32.8,28.48,28.28
2020-07-26 11:56:28.825743,1595753788.8257527,31.6,32.5,27.45,27.95,33.0,32.8,28.48,28.28
2020-07-26 11:57:32.470533,1595753852.4705408,31.6,32.5,27.45,27.95,33.0,32.8,28.48,28.28
2020-07-26 11:58:35.832556,1595753915.832565,31.6,32.5,27.45,27.95,33.0,32.8,28.48,28.28
2020-07-26 11:59:39.550929,1595753979.5509374,31.6,32.5,27.45,27.95,33.0,32.8,28.48,28.28
2020-07-26 14:00:50.408872,1595761250.4088802,31.6,32.5,27.45,27.95,33.0,32.8,28.48,28.28
2020-07-26 14:01:54.152791,1595761314.1527996,31.6,32.5,27.45,27.95,33.0,32.8,28.48,28.28
2020-07-26 14:02:57.481461,1595761377.4814692,31.6,32.5,27.45,27.95,33.0,32.8,28.48,28.28
2020-07-26 14:04:00.841459,1595761440.8414679,31.6,32.5,27.45,27.95,33.0,32.8,28.48,28.28
2020-07-26 14:05:04.447067,1595761504.447076,31.6,32.5,27.45,27.95,33.0,32.8,28.48,28.28
2020-07-26 14:06:07.820253,1595761567.8202622,31.6,32.5,27.45,27.95,33.0,32.8,28.48,28.28
2020-07-26 14:07:11.372669,1595761631.3726773,31.6,32.5,27.45,27.95,33.0,32.8,28.48,28.28
2020-07-26 14:08:14.757308,1595761694.7573168,31.6,32.5,27.45,27.95,33.0,32.8,28.48,28.28
2020-07-26 14:09:18.701843,1595761758.7018514,31.6,32.5,27.45,27.95,33.0,32.8,28.48,28.28
2020-07-26 14:10:22.439581,1595761822.439589,31.6,32.5,27.45,27.95,33.0,32.8,28.48,28.28
2020-07-26 14:11:26.420003,1595761886.4200113,31.6,32.5,27.45,27.95,33.0,32.8,28.48,28.28
2020-07-26 14:12:30.081817,1595761950.0818257,31.6,32.5,27.45,27.95,33.0,32.8,28.48,28.28
2020-07-26 14:13:33.590899,1595762013.590908,31.6,32.5,27.45,27.95,33.0,32.8,28.48,28.28
2020-07-26 14:14:36.971621,1595762076.9716294,31.6,32.5,27.45,27.95,33.0,32.8,28.48,28.28
2020-07-26 14:15:40.307586,1595762140.3075943,31.6,32.5,27.45,27.95,33.0,32.8,28.48,28.28
2020-07-26 14:16:43.756470,1595762203.7564785,31.6,32.5,27.45,27.95,33.0,32.8,28.48,28.28
2020-07-26 14:17:47.420695,1595762267.420704,31.6,32.5,27.45,27.95,33.0,32.8,28.48,28.28
2020-07-26 14:18:50.913399,1595762330.9134076,31.6,32.5,27.45,27.95,33.0,32.8,28.48,28.28
2020-07-26 14:19:55.269162,1595762395.2691708,31.6,32.5,27.45,27.95,33.0,32.8,28.48,28.28
2020-07-26 14:20:58.843139,1595762458.8431475,31.6,32.5,27.45,27.95,33.0,32.8,28.48,28.28
2020-07-26 14:22:02.462755,1595762522.462764,31.6,32.5,27.45,27.95,33.0,32.8,28.48,28.28
2020-07-26 14:23:05.904219,1595762585.9042277,31.6,32.5,27.45,27.95,33.0,32.8,28.48,28.28
2020-07-26 14:24:09.550157,1595762649.5501652,31.6,32.5,27.45,27.95,33.0,32.8,28.48,28.28
2020-07-26 14:25:13.278037,1595762713.2780454,31.6,32.5,27.45,27.95,33.0,32.8,28.48,28.28
2020-07-26 14:26:16.822789,1595762776.8227983,31.6,32.5,27.45,27.95,33.0,32.8,28.48,28.28
2020-07-26 14:27:20.205916,1595762840.2059243,31.6,32.5,27.45,27.95,33.0,32.8,28.48,28.28
2020-07-26 14:28:23.899276,1595762903.8992853,31.6,32.5,27.45,27.95,33.0,32.8,28.48,28.28
2020-07-26 14:29:27.460098,1595762967.4601068,31.6,32.5,27.45,27.95,33.0,32.8,28.48,28.28
2020-07-26 14:30:31.034046,1595763031.0340538,31.6,32.5,27.45,27.95,33.0,32.8,28.48,28.28
2020-07-26 14:31:34.468701,1595763094.4687097,31.6,32.5,27.45,27.95,33.0,32.8,28.48,28.28
2020-07-26 14:32:38.081414,1595763158.081422,31.6,32.5,27.45,27.95,33.0,32.8,28.48,28.28
2020-07-26 14:33:41.541893,1595763221.5419018,31.6,32.5,27.45,27.95,33.0,32.8,28.48,28.28
2020-07-26 14:34:44.838024,1595763284.838033,31.6,32.5,27.45,27.95,33.0,32.8,28.48,28.28
2020-07-26 14:35:48.312228,1595763348.3122373,31.6,32.5,27.45,27.95,33.0,32.8,28.48,28.28
2020-07-26 14:36:51.799273,1595763411.799281,31.6,32.5,27.45,27.95,33.0,32.8,28.48,28.28
2020-07-26 14:37:55.198262,1595763475.1982698,31.6,32.5,27.45,27.95,33.0,32.8,28.48,28.28
2020-07-26 14:38:58.765641,1595763538.7656496,31.6,32.5,27.45,27.95,33.0,32.8,28.48,28.28
2020-07-26 14:40:02.148227,1595763602.1482358,31.6,32.5,27.45,27.95,33.0,32.8,28.48,28.28
2020-07-26 14:41:06.004184,1595763666.0041916,31.6,32.5,27.45,27.95,33.0,32.8,28.48,28.28
2020-07-26 14:42:09.438133,1595763729.4381413,31.6,32.5,27.45,27.95,33.0,32.8,28.48,28.28
2020-07-26 14:43:12.767267,1595763792.7672753,31.6,32.5,27.45,27.95,33.0,32.8,28.48,28.28
2020-07-26 14:44:16.166426,1595763856.1664338,31.6,32.5,27.45,27.95,33.0,32.8,28.48,28.28
2020-07-26 14:45:19.814905,1595763919.8149142,31.6,32.5,27.45,27.95,33.0,32.8,28.48,28.28
2020-07-26 14:46:23.160979,1595763983.160987,31.6,32.5,27.45,27.95,33.0,32.8,28.48,28.28
2020-07-26 14:47:26.722771,1595764046.7227798,31.6,32.5,27.45,27.95,33.0,32.8,28.48,28.28
2020-07-26 14:48:30.188655,1595764110.1886632,31.6,32.5,27.45,27.95,33.0,32.8,28.48,28.28
2020-07-26 14:49:33.698375,1595764173.698384,31.6,32.5,27.45,27.95,33.0,32.8,28.48,28.28
2020-07-26 14:50:37.060926,1595764237.0609345,31.6,32.5,27.45,27.95,33.0,32.8,28.48,28.28
2020-07-26 14:51:40.431568,1595764300.431576,31.6,32.5,27.45,27.95,33.0,32.8,28.48,28.28
2020-07-26 14:52:43.977262,1595764363.9772708,31.6,32.5,27.45,27.95,33.0,32.8,28.48,28.28
2020-07-26 14:53:47.518491,1595764427.5184996,31.6,32.5,27.45,27.95,33.0,32.8,28.48,28.28
2020-07-26 14:54:51.067493,1595764491.0675025,31.6,32.5,27.45,27.95,33.0,32.8,28.48,28.28
2020-07-26 14:55:54.486819,1595764554.4868279,31.6,32.5,27.45,27.95,33.0,32.8,28.48,28.28
2020-07-26 14:56:58.113301,1595764618.1133094,31.6,32.5,27.45,27.95,33.0,32.8,28.48,28.28
2020-07-26 14:58:01.526337,1595764681.526345,31.6,32.5,27.45,27.95,33.0,32.8,28.48,28.28
2020-07-26 14:59:04.932626,1595764744.9326346,31.6,32.5,27.45,27.95,33.0,32.8,28.48,28.28
2020-07-26 18:00:19.446653,1595775619.4466608,31.6,32.5,27.45,27.95,33.0,32.8,28.48,28.28
2020-07-27 11:00:24.276644,1595836824.2766519,31.85,32.8,27.5,27.98,32.94,32.74,28.38,28.18
2020-07-27 11:01:28.041426,1595836888.0414333,31.85,32.8,27.5,27.98,32.94,32.74,28.38,28.18
2020-07-27 11:02:31.396366,1595836951.396374,31.85,32.8,27.5,27.98,32.94,32.74,28.38,28.18
2020-07-27 11:03:34.923724,1595837014.9237316,31.85,32.8,27.5,27.98,32.94,32.74,28.38,28.18
2020-07-27 11:04:38.473375,1595837078.4733844,31.85,32.8,27.5,27.98,32.94,32.74,28.38,28.18
2020-07-27 11:05:41.958253,1595837141.9582615,31.85,32.8,27.5,27.98,32.94,32.74,28.38,28.18
2020-07-27 11:06:45.538232,1595837205.5382402,31.85,32.8,27.5,27.98,32.94,32.74,28.38,28.18
2020-07-27 11:07:49.082106,1595837269.0821142,31.85,32.8,27.5,27.98,32.94,32.74,28.38,28.18
2020-07-27 11:08:52.682055,1595837332.6820636,31.85,32.8,27.5,27.98,32.94,32.74,28.38,28.18
2020-07-27 11:09:55.973569,1595837395.973578,31.85,32.8,27.5,27.98,32.94,32.74,28.38,28.18
2020-07-27 11:10:59.447223,1595837459.4472308,31.85,32.8,27.5,27.98,32.94,32.74,28.38,28.18
2020-07-27 11:12:03.652496,1595837523.6525042,31.85,32.8,27.5,27.98,32.94,32.74,28.38,28.18
2020-07-27 11:13:07.000805,1595837587.000813,31.85,32.8,27.5,27.98,32.94,32.74,28.38,28.18
2020-07-27 11:14:10.463789,1595837650.4637978,31.85,32.8,27.5,27.98,32.94,32.74,28.38,28.18
2020-07-27 11:15:14.035402,1595837714.03541,31.85,32.8,27.5,27.98,32.94,32.74,28.38,28.18
2020-07-27 11:16:17.488814,1595837777.488823,31.85,32.8,27.5,27.98,32.94,32.74,28.38,28.18
2020-07-27 11:17:21.117268,1595837841.117276,31.85,32.8,27.5,27.98,32.94,32.74,28.38,28.18
2020-07-27 11:18:24.894151,1595837904.8941598,31.85,32.8,27.5,27.98,32.94,32.74,28.38,28.18
2020-07-27 11:19:29.203551,1595837969.2035592,31.85,32.8,27.5,27.98,32.94,32.74,28.38,28.18
2020-07-27 11:20:32.613533,1595838032.6135418,31.85,32.8,27.5,27.98,32.94,32.74,28.38,28.18
2020-07-27 11:21:35.964924,1595838095.964933,31.85,32.8,27.5,27.98,32.94,32.74,28.38,28.18
2020-07-27 11:22:39.344936,1595838159.3449457,31.85,32.8,27.5,27.98,32.94,32.74,28.38,28.18
2020-07-27 11:23:42.942117,1595838222.942125,31.85,32.8,27.5,27.98,32.94,32.74,28.38,28.18
2020-07-27 11:24:46.878934,1595838286.8789423,31.85,32.8,27.5,27.98,32.94,32.74,28.38,28.18
2020-07-27 11:25:50.544523,1595838350.544531,31.85,32.8,27.5,27.98,32.94,32.74,28.38,28.18
2020-07-27 11:26:53.883419,1595838413.8834276,31.85,32.8,27.5,27.98,32.94,32.74,28.38,28.18
2020-07-27 11:27:57.385372,1595838477.3853796,31.85,32.8,27.5,27.98,32.94,32.74,28.38,28.18
2020-07-27 11:29:01.250268,1595838541.250276,31.85,32.8,27.5,27.98,32.94,32.74,28.38,28.18
2020-07-27 11:30:06.648682,1595838606.6486905,31.85,32.8,27.5,27.98,32.94,32.74,28.38,28.18
2020-07-27 11:31:10.491098,1595838670.491107,31.85,32.8,27.5,27.98,32.94,32.74,28.38,28.18
2020-07-27 11:32:13.948481,1595838733.9484897,31.85,32.8,27.5,27.98,32.94,32.74,28.38,28.18
2020-07-27 11:33:17.563633,1595838797.5636415,31.85,32.8,27.5,27.98,32.94,32.74,28.38,28.18
2020-07-27 11:34:21.148641,1595838861.1486492,31.85,32.8,27.5,27.98,32.94,32.74,28.38,28.18
2020-07-27 11:35:24.815809,1595838924.8158169,31.85,32.8,27.5,27.98,32.94,32.74,28.38,28.18
2020-07-27 11:36:28.460660,1595838988.4606683,31.85,32.8,27.5,27.98,32.94,32.74,28.38,28.18
2020-07-27 11:37:31.940750,1595839051.9407587,31.85,32.8,27.5,27.98,32.94,32.74,28.38,28.18
2020-07-27 11:38:37.581327,1595839117.5813355,31.85,32.8,27.5,27.98,32.94,32.74,28.38,28.18
2020-07-27 11:39:41.509736,1595839181.5097442,31.85,32.8,27.5,27.98,32.94,32.74,28.38,28.18
2020-07-27 11:40:45.058107,1595839245.0581164,31.85,32.8,27.5,27.98,32.94,32.74,28.38,28.18
2020-07-27 11:41:48.590395,1595839308.590404,31.85,32.8,27.5,27.98,32.94,32.74,28.38,28.18
2020-07-27 11:42:52.241937,1595839372.2419446,31.85,32.8,27.5,27.98,32.94,32.74,28.38,28.18
2020-07-27 11:43:56.009780,1595839436.0097888,31.85,32.8,27.5,27.98,32.94,32.74,28.38,28.18
2020-07-27 11:45:00.054795,1595839500.0548031,31.85,32.8,27.5,27.98,32.94,32.74,28.38,28.18
2020-07-27 11:46:05.555694,1595839565.555702,31.85,32.8,27.5,27.98,32.94,32.74,28.38,28.18
2020-07-27 11:47:09.233784,1595839629.2337925,31.85,32.8,27.5,27.98,32.94,32.74,28.38,28.18
2020-07-27 11:48:12.611229,1595839692.6112368,31.85,32.8,27.5,27.98,32.94,32.74,28.38,28.18
2020-07-27 11:49:16.212352,1595839756.2123601,31.85,32.8,27.5,27.98,32.94,32.74,28.38,28.18
2020-07-27 11:50:19.598705,1595839819.5987136,31.85,32.8,27.5,27.98,32.94,32.74,28.38,28.18
2020-07-27 11:51:23.182697,1595839883.1827054,31.85,32.8,27.5,27.98,32.94,32.74,28.38,28.18
2020-07-27 11:52:27.414750,1595839947.4147587,31.85,32.8,27.5,27.98,32.94,32.74,28.38,28.18
2020-07-27 11:53:31.011221,1595840011.011229,31.85,32.8,27.5,27.98,32.94,32.74,28.38,28.18
2020-07-27 11:54:34.602446,1595840074.6024551,31.85,32.8,27.5,27.98,32.94,32.74,28.38,28.18
2020-07-27 11:55:38.098310,1595840138.0983179,31.85,32.8,27.5,27.98,32.94,32.74,28.38,28.18
2020-07-27 11:56:41.519713,1595840201.5197208,31.85,32.8,27.5,27.98,32.94,32.74,28.38,28.18
2020-07-27 11:57:45.102888,1595840265.1028965,31.85,32.8,27.5,27.98,32.94,32.74,28.38,28.18
2020-07-27 11:58:48.496139,1595840328.4961462,31.85,32.8,27.5,27.98,32.94,32.74,28.38,28.18
2020-07-27 11:59:52.469181,1595840392.4691892,31.85,32.8,27.5,27.98,32.94,32.74,28.38,28.18
2020-07-27 14:00:03.045988,1595847603.0459962,31.85,32.8,27.5,27.98,32.94,32.74,28.38,28.18
2020-07-27 14:01:09.637089,1595847669.6370978,31.85,32.8,27.5,27.98,32.94,32.74,28.38,28.18
2020-07-27 14:02:13.200158,1595847733.2001667,31.85,32.8,27.5,27.98,32.94,32.74,28.38,28.18
2020-07-27 14:03:16.572752,1595847796.5727613,31.85,32.8,27.5,27.98,32.94,32.74,28.38,28.18
2020-07-27 14:04:20.505081,1595847860.5050905,31.85,32.8,27.5,27.98,32.94,32.74,28.38,28.18
2020-07-27 14:05:23.889605,1595847923.8896136,31.85,32.8,27.5,27.98,32.94,32.74,28.38,28.18
2020-07-27 14:06:27.874464,1595847987.8744724,31.85,32.8,27.5,27.98,32.94,32.74,28.38,28.18
2020-07-27 14:07:31.336336,1595848051.336344,31.85,32.8,27.5,27.98,32.94,32.74,28.38,28.18
2020-07-27 14:08:34.844302,1595848114.8443105,31.85,32.8,27.5,27.98,32.94,32.74,28.38,28.18
2020-07-27 14:09:38.661804,1595848178.6618128,31.85,32.8,27.5,27.98,32.94,32.74,28.38,28.18
2020-07-27 14:10:44.125254,1595848244.1252625,31.85,32.8,27.5,27.98,32.94,32.74,28.38,28.18
2020-07-27 14:11:48.395121,1595848308.3951294,31.85,32.8,27.5,27.98,32.94,32.74,28.38,28.18
2020-07-27 14:12:52.547567,1595848372.5475752,31.85,32.8,27.5,27.98,32.94,32.74,28.38,28.18
2020-07-27 14:13:56.194522,1595848436.1945305,31.85,32.8,27.5,27.98,32.94,32.74,28.38,28.18
2020-07-27 14:14:59.935704,1595848499.9357128,31.85,32.8,27.5,27.98,32.94,32.74,28.38,28.18
2020-07-27 14:16:05.260170,1595848565.260178,31.85,32.8,27.5,27.98,32.94,32.74,28.38,28.18
2020-07-27 14:17:08.776874,1595848628.7768831,31.85,32.8,27.5,27.98,32.94,32.74,28.38,28.18
2020-07-27 14:18:12.330972,1595848692.3309798,31.85,32.8,27.5,27.98,32.94,32.74,28.38,28.18
2020-07-27 14:19:15.837151,1595848755.8371592,31.85,32.8,27.5,27.98,32.94,32.74,28.38,28.18
2020-07-27 14:20:19.679111,1595848819.6791189,31.85,32.8,27.5,27.98,32.94,32.74,28.38,28.18
2020-07-27 14:21:23.423118,1595848883.4231277,31.85,32.8,27.5,27.98,32.94,32.74,28.38,28.18
2020-07-27 14:22:27.000560,1595848947.0005684,31.85,32.8,27.5,27.98,32.94,32.74,28.38,28.18
2020-07-27 14:23:30.365308,1595849010.3653169,31.85,32.8,27.5,27.98,32.94,32.74,28.38,28.18
2020-07-27 14:24:33.869363,1595849073.8693733,31.85,32.8,27.5,27.98,32.94,32.74,28.38,28.18
2020-07-27 14:25:37.411040,1595849137.4110482,31.85,32.8,27.5,27.98,32.94,32.74,28.38,28.18
2020-07-27 14:26:41.041361,1595849201.0413704,31.85,32.8,27.5,27.98,32.94,32.74,28.38,28.18
2020-07-27 14:27:44.677393,1595849264.677401,31.85,32.8,27.5,27.98,32.94,32.74,28.38,28.18
2020-07-27 14:28:48.015750,1595849328.0157578,31.85,32.8,27.5,27.98,32.94,32.74,28.38,28.18
2020-07-27 14:29:51.494340,1595849391.4943488,31.85,32.8,27.5,27.98,32.94,32.74,28.38,28.18
2020-07-27 14:30:55.006716,1595849455.0067246,31.85,32.8,27.5,27.98,32.94,32.74,28.38,28.18
2020-07-27 14:31:58.617093,1595849518.617101,31.85,32.8,27.5,27.98,32.94,32.74,28.38,28.18
2020-07-27 14:33:02.876739,1595849582.876748,31.85,32.8,27.5,27.98,32.94,32.74,28.38,28.18
2020-07-27 14:34:07.104972,1595849647.10498,31.85,32.8,27.5,27.98,32.94,32.74,28.38,28.18
2020-07-27 14:35:10.617588,1595849710.6175976,31.85,32.8,27.5,27.98,32.94,32.74,28.38,28.18
2020-07-27 14:36:14.294356,1595849774.2943645,31.85,32.8,27.5,27.98,32.94,32.74,28.38,28.18
2020-07-27 14:37:17.751862,1595849837.75187,31.85,32.8,27.5,27.98,32.94,32.74,28.38,28.18
2020-07-27 14:38:21.383411,1595849901.3834193,31.85,32.8,27.5,27.98,32.94,32.74,28.38,28.18
2020-07-27 14:39:24.829700,1595849964.8297076,31.85,32.8,27.5,27.98,32.94,32.74,28.38,28.18
2020-07-27 14:40:28.267389,1595850028.2673972,31.85,32.8,27.5,27.98,32.94,32.74,28.38,28.18
2020-07-27 14:41:31.711921,1595850091.7119293,31.85,32.8,27.5,27.98,32.94,32.74,28.38,28.18
2020-07-27 14:42:35.280099,1595850155.2801075,31.85,32.8,27.5,27.98,32.94,32.74,28.38,28.18
2020-07-27 14:43:38.632265,1595850218.6322742,31.85,32.8,27.5,27.98,32.94,32.74,28.38,28.18
2020-07-27 14:44:42.294057,1595850282.2940662,31.85,32.8,27.5,27.98,32.94,32.74,28.38,28.18
2020-07-27 14:45:46.229334,1595850346.2293425,31.85,32.8,27.5,27.98,32.94,32.74,28.38,28.18
2020-07-27 14:46:50.392059,1595850410.3920674,31.85,32.8,27.5,27.98,32.94,32.74,28.38,28.18
2020-07-27 14:47:53.999413,1595850473.9994218,31.85,32.8,27.5,27.98,32.94,32.74,28.38,28.18
2020-07-27 14:49:02.710716,1595850542.710724,31.85,32.8,27.5,27.98,32.94,32.74,28.38,28.18
2020-07-27 14:50:06.462886,1595850606.462894,31.85,32.8,27.5,27.98,32.94,32.74,28.38,28.18
2020-07-27 14:51:11.096634,1595850671.0966425,31.85,32.8,27.5,27.98,32.94,32.74,28.38,28.18
2020-07-27 14:52:16.059061,1595850736.0590687,31.85,32.8,27.5,27.98,32.94,32.74,28.38,28.18
2020-07-27 14:53:19.745398,1595850799.7454066,31.85,32.8,27.5,27.98,32.94,32.74,28.38,28.18
2020-07-27 14:54:23.669125,1595850863.6691327,31.85,32.8,27.5,27.98,32.94,32.74,28.38,28.18
2020-07-27 14:55:27.348291,1595850927.3482993,31.85,32.8,27.5,27.98,32.94,32.74,28.38,28.18
2020-07-27 14:56:30.836683,1595850990.8366916,31.85,32.8,27.5,27.98,32.94,32.74,28.38,28.18
2020-07-27 14:57:34.878400,1595851054.8784082,31.85,32.8,27.5,27.98,32.94,32.74,28.38,28.18
2020-07-27 14:58:38.367931,1595851118.36794,31.85,32.8,27.5,27.98,32.94,32.74,28.38,28.18
2020-07-27 14:59:41.998622,1595851181.9986298,31.85,32.8,27.5,27.98,32.94,32.74,28.38,28.18
2020-07-27 18:00:51.779945,1595862051.7799535,31.85,32.8,27.5,27.98,32.94,32.74,28.38,28.18
2020-07-27 20:00:05.143278,1595869205.1432877,31.85,32.8,27.5,27.98,32.94,32.74,28.38,28.18
2020-07-28 09:01:00.202292,1595916060.2023013,31.85,32.8,27.5,27.98,32.94,32.74,28.38,28.18
2020-07-28 10:00:10.528549,1595919610.528558,31.8,32.75,27.4,27.88,32.94,32.74,28.38,28.18
2020-07-28 12:00:25.279505,1595926825.2795136,31.8,32.75,27.4,27.88,32.94,32.74,28.38,28.18
2020-07-28 14:00:38.964968,1595934038.9649777,31.8,32.75,27.4,27.88,32.94,32.74,28.38,28.18
2020-07-28 18:00:59.474863,1595948459.474872,31.8,32.75,27.4,27.88,33.28,33.08,28.38,28.18
2020-07-28 20:00:14.067447,1595955614.0674558,31.8,32.75,27.4,27.88,33.28,33.08,28.38,28.18
2020-07-29 09:00:07.406825,1596002407.4068334,31.8,32.75,27.4,27.88,33.28,33.08,28.38,28.18
2020-07-29 10:00:17.060967,1596006017.0609756,31.9,32.75,27.5,27.88,33.25,33.05,28.33,28.13
2020-07-29 12:00:30.717608,1596013230.7176163,31.9,32.75,27.5,27.88,33.25,33.05,28.33,28.13
2020-07-29 14:00:44.116873,1596020444.116882,31.9,32.75,27.5,27.88,33.25,33.05,28.33,28.13
2020-07-29 18:00:05.218107,1596034805.218116,31.9,32.75,27.5,27.88,33.25,33.05,28.33,28.13
2020-07-29 20:00:22.286698,1596042022.286706,31.9,32.75,27.5,27.88,33.25,33.05,28.33,28.13
2020-07-30 09:00:14.925665,1596088814.925674,31.9,32.75,27.5,27.88,33.24,33.04,28.33,28.13
2020-07-30 10:00:24.544825,1596092424.5448322,31.9,32.75,27.5,27.88,33.24,33.04,28.33,28.13
2020-07-30 12:00:38.132211,1596099638.1322203,31.9,32.75,27.4,27.8,33.24,33.04,28.33,28.13
2020-07-30 14:00:51.406970,1596106851.4069786,31.9,32.75,27.4,27.8,33.24,33.04,28.33,28.13
2020-07-30 18:00:12.817094,1596121212.8171024,31.9,32.75,27.4,27.8,33.24,33.04,28.33,28.13
2020-07-30 20:00:26.177073,1596128426.1770816,31.9,32.75,27.4,27.8,33.24,33.04,28.33,28.13
2020-07-31 09:00:19.160050,1596175219.160059,31.9,32.75,27.4,27.8,33.24,33.04,28.28,28.08
2020-07-31 10:00:28.724427,1596178828.724435,32.15,33.15,27.45,27.85,33.24,33.04,28.28,28.08
2020-07-31 12:00:41.912439,1596186041.912448,32.15,33.15,27.45,27.85,33.24,33.04,28.28,28.08
2020-07-31 14:00:55.165757,1596193255.1657653,32.15,33.15,27.45,27.85,33.24,33.04,28.28,28.08
2020-07-31 18:00:15.696287,1596207615.6962953,32.15,33.15,27.45,27.85,33.24,33.04,28.28,28.08
2020-07-31 20:00:34.166595,1596214834.1666033,32.15,33.15,27.45,27.85,33.24,33.04,28.28,28.08
2020-08-01 09:00:27.914304,1596261627.9143121,32.1,33.1,27.45,27.85,33.24,33.04,28.28,28.08
2020-08-01 10:00:37.612848,1596265237.6128569,32.1,33.1,27.45,27.85,33.24,33.04,28.28,28.08
2020-08-01 12:00:50.641311,1596272450.6413193,32.1,33.1,27.45,27.85,33.24,33.04,28.28,28.08
2020-08-01 14:00:04.272956,1596279604.2729642,32.1,33.1,27.45,27.85,33.24,33.04,28.28,28.08
2020-08-01 18:00:24.928432,1596294024.9284413,32.1,33.1,27.45,27.85,33.24,33.04,28.28,28.08
2020-08-01 20:00:38.269716,1596301238.2697246,32.1,33.1,27.45,27.85,33.24,33.04,28.28,28.08
2020-08-02 09:00:31.108213,1596348031.1082218,32.1,33.1,27.45,27.85,33.24,33.04,28.28,28.08
2020-08-02 10:00:40.678031,1596351640.6780403,32.1,33.1,27.45,27.85,33.24,33.04,28.28,28.08
2020-08-02 12:00:53.994673,1596358853.9946814,32.1,33.1,27.45,27.85,33.24,33.04,28.28,28.08
2020-08-02 14:00:07.174007,1596366007.1740158,32.1,33.1,27.45,27.85,33.24,33.04,28.28,28.08
2020-08-02 18:00:28.131934,1596380428.1319435,32.1,33.1,27.45,27.85,33.24,33.04,28.28,28.08
2020-08-02 20:00:41.485753,1596387641.4857607,32.1,33.1,27.45,27.85,33.24,33.04,28.28,28.08
2020-08-03 09:00:36.155810,1596434436.155818,32.1,33.1,27.45,27.85,33.47,33.27,28.28,28.08
2020-08-03 10:00:46.761507,1596438046.7615147,32.0,33.0,27.45,27.85,33.47,33.27,28.28,28.08
2020-08-03 12:01:00.177647,1596445260.177657,32.0,33.0,27.45,27.85,33.47,33.27,28.28,28.08
2020-08-03 14:00:15.093345,1596452415.0933535,32.0,33.0,27.45,27.85,33.47,33.27,28.28,28.08
2020-08-03 18:00:36.094493,1596466836.094502,32.0,33.0,27.45,27.85,33.47,33.27,28.28,28.08
2020-08-03 20:00:50.568667,1596474050.568676,32.0,33.0,27.45,27.85,33.47,33.27,28.28,28.08
2020-08-04 09:00:45.264777,1596520845.2647846,32.0,33.0,27.45,27.85,33.25,33.05,28.33,28.13
2020-08-04 10:00:54.957925,1596524454.9579337,32.0,33.0,27.45,27.85,33.25,33.05,28.33,28.13
2020-08-04 12:00:08.472788,1596531608.4727976,32.2,33.05,27.55,28.0,33.25,33.05,28.33,28.13
2020-08-04 14:00:22.354470,1596538822.3544788,32.2,33.05,27.55,28.0,33.25,33.05,28.33,28.13
2020-08-04 18:00:44.468616,1596553244.468625,32.2,33.05,27.55,28.0,33.25,33.05,28.33,28.13
2020-08-04 20:00:59.618753,1596560459.6187613,32.2,33.05,27.55,28.0,33.25,33.05,28.33,28.13
2020-08-05 09:00:54.645487,1596607254.645496,32.2,33.05,27.55,28.0,33.45,33.25,28.43,28.23
2020-08-05 10:00:04.114087,1596610804.1140954,32.2,33.05,27.55,27.95,33.45,33.25,28.43,28.23
2020-08-05 12:00:17.233681,1596618017.2336888,32.2,33.05,27.55,27.95,33.45,33.25,28.43,28.23
2020-08-05 14:00:30.756800,1596625230.7568088,32.2,33.05,27.55,27.95,33.45,33.25,28.43,28.23
2020-08-05 18:00:51.788660,1596639651.7886686,32.2,33.05,27.55,27.95,33.45,33.25,28.43,28.23
2020-08-05 20:00:05.447193,1596646805.4472013,32.2,33.05,27.55,27.95,33.45,33.25,28.43,28.23
2020-08-06 09:01:00.188056,1596693660.1880655,32.2,33.05,27.55,27.95,33.59,33.39,28.33,28.13
2020-08-06 10:00:10.359426,1596697210.3594346,32.3,33.12,27.47,27.85,33.59,33.39,28.33,28.13
2020-08-06 12:00:23.802331,1596704423.80234,32.3,33.12,27.47,27.85,33.59,33.39,28.33,28.13
2020-08-06 14:00:37.425743,1596711637.4257512,32.3,33.12,27.47,27.85,33.59,33.39,28.33,28.13
2020-08-06 18:00:58.450071,1596726058.4500792,32.3,33.12,27.47,27.85,33.59,33.39,28.33,28.13
2020-08-06 20:00:12.401207,1596733212.4012156,32.3,33.12,27.47,27.85,33.59,33.39,28.33,28.13
2020-08-07 09:00:06.461552,1596780006.4615612,32.3,33.12,27.47,27.85,33.59,33.39,28.33,28.13
2020-08-07 10:00:16.293888,1596783616.2938964,32.2,33.05,27.47,27.85,33.52,33.32,28.28,28.08
2020-08-07 12:00:29.763737,1596790829.7637465,32.2,33.05,27.47,27.85,33.52,33.32,28.28,28.08
2020-08-07 14:00:43.380275,1596798043.3802838,32.2,33.05,27.47,27.85,33.52,33.32,28.28,28.08
2020-08-07 18:00:04.313728,1596812404.3137367,32.2,33.05,27.47,27.85,33.52,33.32,28.28,28.08
2020-08-07 20:00:17.917141,1596819617.917149,32.2,33.05,27.47,27.85,33.52,33.32,28.28,28.08
2020-08-08 09:00:12.312176,1596866412.312185,32.15,33.0,27.45,27.82,33.52,33.32,28.28,28.08
2020-08-08 10:00:21.887587,1596870021.8875966,32.15,33.0,27.45,27.82,33.52,33.32,28.28,28.08
2020-08-08 12:00:35.011185,1596877235.0111945,32.15,33.0,27.45,27.82,33.52,33.32,28.28,28.08
2020-08-08 14:00:48.414126,1596884448.414135,32.15,33.0,27.45,27.82,33.52,33.32,28.28,28.08
2020-08-08 18:00:09.229730,1596898809.2297385,32.15,33.0,27.45,27.82,33.52,33.32,28.28,28.08
2020-08-08 20:00:22.732072,1596906022.7320821,32.15,33.0,27.45,27.82,33.52,33.32,28.28,28.08
2020-08-09 09:00:16.598666,1596952816.5986745,32.15,33.0,27.45,27.82,33.52,33.32,28.28,28.08
2020-08-09 10:00:26.397327,1596956426.397336,32.15,33.0,27.45,27.82,33.52,33.32,28.28,28.08
2020-08-09 12:00:39.522103,1596963639.5221114,32.15,33.0,27.45,27.82,33.52,33.32,28.28,28.08
2020-08-09 14:00:53.422479,1596970853.422488,32.15,33.0,27.45,27.82,33.52,33.32,28.28,28.08
2020-08-09 18:00:13.895467,1596985213.8954763,32.15,33.0,27.45,27.82,33.52,33.32,28.28,28.08
2020-08-09 20:00:27.509543,1596992427.5095525,32.15,33.0,27.45,27.82,33.52,33.32,28.28,28.08
2020-08-10 09:00:20.609953,1597039220.6099627,32.15,33.0,27.45,27.82,33.52,33.32,28.28,28.08
2020-08-10 10:00:30.192844,1597042830.1928527,32.05,32.9,27.4,27.8,33.45,33.25,28.28,28.08
2020-08-10 12:00:45.033874,1597050045.0338824,32.05,32.9,27.4,27.8,33.45,33.25,28.28,28.08
2020-08-10 14:00:58.460341,1597057258.4603508,32.05,32.9,27.4,27.8,33.45,33.25,28.28,28.08
2020-08-10 18:00:19.205736,1597071619.2057457,32.05,32.9,27.4,27.8,33.45,33.25,28.28,28.08
2020-08-10 20:00:38.191323,1597078838.1913326,32.05,32.9,27.4,27.8,33.45,33.25,28.28,28.08
2020-08-11 09:00:31.293866,1597125631.293875,32.05,32.9,27.4,27.8,33.45,33.25,28.28,28.08
2020-08-11 10:00:40.848647,1597129240.848655,32.0,32.8,27.4,27.8,33.19,32.99,28.23,28.03
2020-08-11 12:00:54.903395,1597136454.9034035,32.0,32.8,27.4,27.8,33.19,32.99,28.23,28.03
2020-08-11 14:00:08.144057,1597143608.1440647,32.0,32.8,27.4,27.8,33.19,32.99,28.23,28.03
2020-08-11 18:00:28.688643,1597158028.6886513,32.0,32.8,27.4,27.8,33.19,32.99,28.23,28.03
2020-08-11 20:00:41.838497,1597165241.8385055,32.0,32.8,27.4,27.8,33.19,32.99,28.23,28.03
2020-08-12 09:00:34.680237,1597212034.6802464,32.0,32.8,27.4,27.8,33.19,32.99,28.23,28.03
2020-08-12 10:00:45.306996,1597215645.3070056,31.9,32.75,27.4,27.8,33.33,33.13,28.23,28.03
2020-08-12 12:00:59.910785,1597222859.9107935,31.9,32.75,27.4,27.8,33.33,33.13,28.23,28.03
2020-08-12 14:00:14.713518,1597230014.713527,31.9,32.75,27.4,27.8,33.33,33.13,28.23,28.03
2020-08-12 18:00:35.694629,1597244435.6946368,31.9,32.75,27.4,27.8,33.33,33.13,28.23,28.03
2020-08-12 20:00:49.683293,1597251649.683302,31.9,32.75,27.4,27.8,33.33,33.13,28.23,28.03
2020-08-13 09:00:42.831032,1597298442.8310401,31.9,32.75,27.4,27.8,33.33,33.13,28.23,28.03
2020-08-13 10:00:52.978725,1597302052.9787338,32.0,32.8,27.35,27.7,33.16,32.96,28.18,27.98
2020-08-13 12:00:05.802745,1597309205.8027549,32.0,32.8,27.35,27.7,33.16,32.96,28.18,27.98
2020-08-13 14:00:19.824394,1597316419.8244026,31.9,32.75,27.25,27.65,33.16,32.96,28.18,27.98
2020-08-13 18:00:40.453476,1597330840.4534843,31.9,32.75,27.25,27.65,33.16,32.96,28.18,27.98
2020-08-13 20:00:53.855989,1597338053.8559973,31.9,32.75,27.25,27.65,33.16,32.96,28.18,27.98
2020-08-23 09:00:14.849279,1598162414.8492877,31.85,32.75,27.25,27.6,33.26,33.06,28.08,27.88
2020-08-23 10:00:24.897560,1598166024.897569,31.85,32.75,27.25,27.6,33.26,33.06,28.08,27.88
2020-08-23 12:00:38.801477,1598173238.801485,31.85,32.75,27.25,27.6,33.26,33.06,28.08,27.88
2020-08-23 14:00:51.893876,1598180451.893884,31.85,32.75,27.25,27.6,33.26,33.06,28.08,27.88
2020-08-23 18:00:12.217553,1598194812.217561,31.85,32.75,27.25,27.6,33.26,33.06,28.08,27.88
2020-08-23 20:00:25.485767,1598202025.4857762,31.85,32.75,27.25,27.6,33.26,33.06,28.08,27.88
2020-08-24 09:00:59.172837,1598248859.1728454,31.85,32.75,27.25,27.6,33.26,33.06,28.08,27.88
2020-08-24 10:00:09.525612,1598252409.5256212,31.85,32.75,27.25,27.6,33.26,33.06,28.08,27.88
2020-08-24 12:00:23.023537,1598259623.0235455,31.85,32.75,27.25,27.6,33.26,33.06,28.08,27.88
2020-08-24 14:00:36.718125,1598266836.7181346,31.85,32.75,27.25,27.6,33.26,33.06,28.08,27.88
2020-08-24 18:00:57.783815,1598281257.783823,31.85,32.75,27.25,27.6,33.26,33.06,28.08,27.88
2020-08-24 20:00:12.441904,1598288412.4419136,31.85,32.75,27.25,27.6,33.26,33.06,28.08,27.88
2020-08-26 09:00:01.008195,1598421601.0082033,31.9,32.7,27.25,27.6,33.1,32.9,28.03,27.83
2020-08-26 10:00:13.455912,1598425213.4559207,31.9,32.7,27.25,27.6,33.1,32.9,28.03,27.83
2020-08-26 12:00:26.853223,1598432426.853232,31.9,32.7,27.25,27.6,33.24,33.04,28.08,27.88
2020-08-26 14:00:40.288907,1598439640.2889152,31.9,32.7,27.25,27.6,33.24,33.04,28.08,27.88
2020-08-26 18:00:00.906439,1598454000.9064472,31.9,32.7,27.25,27.6,33.24,33.04,28.08,27.88
2020-08-26 20:00:16.824948,1598461216.824957,31.9,32.7,27.25,27.6,33.24,33.04,28.08,27.88
2020-08-27 09:01:00.265525,1598508060.2655332,31.9,32.7,27.25,27.6,33.18,32.98,28.08,27.88
2020-08-27 10:00:10.443340,1598511610.4433482,31.9,32.7,27.25,27.6,33.18,32.98,28.08,27.88
2020-08-27 12:00:23.936720,1598518823.9367287,32.0,32.75,27.28,27.63,33.18,32.98,28.08,27.88
2020-08-27 14:00:38.296568,1598526038.2965765,32.0,32.75,27.28,27.63,33.18,32.98,28.08,27.88
2020-08-27 18:00:59.185868,1598540459.1858761,32.0,32.75,27.28,27.63,33.18,32.98,28.08,27.88
2020-08-27 20:00:13.738576,1598547613.738584,32.0,32.75,27.28,27.63,33.18,32.98,28.08,27.88
2020-08-28 09:00:59.826426,1598594459.826434,32.0,32.75,27.28,27.63,33.18,32.98,28.08,27.88
2020-08-28 10:00:09.870528,1598598009.8705366,32.0,32.75,27.28,27.63,33.18,32.98,28.08,27.88
2020-08-28 12:00:23.297635,1598605223.2976444,32.1,32.95,27.3,27.65,33.2,33.0,28.08,27.88
2020-08-28 14:00:37.386008,1598612437.386017,32.1,32.95,27.3,27.65,33.2,33.0,28.08,27.88
2020-08-28 18:00:57.402496,1598626857.4025047,32.1,32.95,27.3,27.65,33.2,33.0,28.08,27.88
2020-08-28 20:00:11.448117,1598634011.4481256,32.1,32.95,27.3,27.65,33.2,33.0,28.08,27.88
2020-08-29 09:01:00.216331,1598680860.2163403,32.1,32.95,27.35,27.65,33.51,33.31,28.13,27.93
2020-08-29 10:00:10.191501,1598684410.1915095,32.1,32.95,27.35,27.65,33.51,33.31,28.13,27.93
2020-08-29 12:00:23.415994,1598691623.4160032,32.1,32.95,27.35,27.65,33.51,33.31,28.13,27.93
2020-08-29 14:00:36.647045,1598698836.6470537,32.1,32.95,27.35,27.65,33.51,33.31,28.13,27.93
2020-08-29 18:00:57.425249,1598713257.425258,32.1,32.95,27.35,27.65,33.51,33.31,28.13,27.93
2020-08-29 20:00:10.819382,1598720410.8193905,32.1,32.95,27.35,27.65,33.51,33.31,28.13,27.93
2020-08-30 09:00:00.946935,1598767200.9469435,32.1,32.95,27.35,27.65,33.51,33.31,28.13,27.93
2020-08-30 10:00:12.575733,1598770812.575742,32.1,32.95,27.35,27.65,33.51,33.31,28.13,27.93
2020-08-30 12:00:26.060443,1598778026.060451,32.1,32.95,27.35,27.65,33.51,33.31,28.13,27.93
2020-08-30 14:00:39.128975,1598785239.1289842,32.1,32.95,27.35,27.65,33.51,33.31,28.13,27.93
2020-08-30 18:00:59.464644,1598799659.464653,32.1,32.95,27.35,27.65,33.51,33.31,28.13,27.93
2020-08-30 20:00:13.310662,1598806813.3106706,32.1,32.95,27.35,27.65,33.51,33.31,28.13,27.93
2020-08-31 09:01:00.418195,1598853660.4182026,32.1,32.95,27.35,27.65,33.51,33.31,28.13,27.93
2020-08-31 10:00:10.262887,1598857210.2628944,32.2,32.95,27.3,27.65,33.51,33.31,28.13,27.93
2020-08-31 12:00:23.572412,1598864423.5724204,32.2,32.95,27.3,27.65,33.51,33.31,28.13,27.93
2020-08-31 14:00:37.250802,1598871637.2508101,32.2,32.95,27.3,27.65,33.51,33.31,28.13,27.93
2020-08-31 18:00:58.574271,1598886058.5742786,32.2,32.95,27.3,27.65,33.51,33.31,28.13,27.93
2020-08-31 20:00:12.951192,1598893212.951199,32.2,32.95,27.3,27.65,33.51,33.31,28.13,27.93
2020-09-01 09:01:00.389328,1598940060.3893368,32.2,32.95,27.3,27.65,33.51,33.31,28.13,27.93
2020-09-01 10:00:10.807319,1598943610.8073273,32.4,33.25,27.35,27.7,33.51,33.31,28.13,27.93
2020-09-01 12:00:25.781375,1598950825.7813828,32.4,33.25,27.35,27.7,33.59,33.39,28.13,27.93
2020-09-01 14:00:39.192396,1598958039.1924038,32.4,33.25,27.35,27.7,33.59,33.39,28.13,27.93
2020-09-01 18:00:59.926404,1598972459.9264126,32.4,33.25,27.35,27.7,33.59,33.39,28.13,27.93
2020-09-02 09:01:00.484141,1599026460.484149,32.4,33.25,27.35,27.7,33.59,33.39,28.13,27.93
2020-09-02 10:00:10.719856,1599030010.7198644,32.35,33.25,27.4,27.75,33.8,33.6,28.18,27.98
2020-09-02 12:00:23.828992,1599037223.829,32.35,33.25,27.4,27.75,33.8,33.6,28.18,27.98
2020-09-02 14:00:37.396983,1599044437.3969917,32.35,33.25,27.4,27.75,33.8,33.6,28.18,27.98
2020-09-02 18:00:58.610177,1599058858.6101851,32.35,33.25,27.4,27.75,33.8,33.6,28.18,27.98
2020-09-02 20:00:12.112492,1599066012.1124992,32.35,33.25,27.4,27.75,33.8,33.6,28.18,27.98
2020-09-03 09:00:01.366398,1599112801.366406,32.06,32.95,27.4,27.8,33.47,33.27,28.23,28.03
2020-09-03 10:00:13.648892,1599116413.6489005,32.06,32.95,27.4,27.8,33.47,33.27,28.23,28.03
2020-09-03 12:00:27.141148,1599123627.1411576,32.06,32.95,27.4,27.8,33.47,33.27,28.23,28.03
2020-09-03 14:00:40.578065,1599130840.5780728,32.06,32.95,27.4,27.8,33.47,33.27,28.23,28.03
2020-09-03 18:00:02.576576,1599145202.5765848,32.06,32.95,27.4,27.8,33.47,33.27,28.23,28.03
2020-09-03 20:00:18.611494,1599152418.6115015,32.06,32.95,27.4,27.8,33.47,33.27,28.23,28.03
2020-09-04 09:00:59.480736,1599199259.4807444,32.06,32.95,27.4,27.8,33.47,33.27,28.23,28.03
2020-09-04 10:00:09.644548,1599202809.6445563,32.25,33.05,27.45,27.85,33.36,33.16,28.23,28.03
2020-09-04 12:00:24.187835,1599210024.1878426,32.25,33.05,27.45,27.85,33.36,33.16,28.23,28.03
2020-09-04 14:00:37.812871,1599217237.8128798,32.25,33.05,27.45,27.85,33.36,33.16,28.23,28.03
2020-09-04 18:00:58.148592,1599231658.1485999,32.25,33.05,27.45,27.85,33.36,33.16,28.23,28.03
2020-09-04 20:00:11.970791,1599238811.970798,32.25,33.05,27.45,27.85,33.36,33.16,28.23,28.03
2020-09-05 09:00:01.030550,1599285601.0305574,32.3,33.05,27.5,27.85,33.36,33.16,28.23,28.03
2020-09-05 10:00:12.167757,1599289212.1677651,32.3,33.05,27.5,27.85,33.36,33.16,28.23,28.03
2020-09-05 12:00:25.484485,1599296425.4844925,32.3,33.05,27.5,27.85,33.36,33.16,28.23,28.03
2020-09-05 14:00:38.505866,1599303638.5058749,32.3,33.05,27.5,27.85,33.36,33.16,28.23,28.03
2020-09-05 18:00:59.797844,1599318059.797853,32.3,33.05,27.5,27.85,33.36,33.16,28.23,28.03
2020-09-05 20:00:13.539077,1599325213.5390851,32.3,33.05,27.5,27.85,33.36,33.16,28.23,28.03
2020-09-06 09:00:58.577526,1599372058.5775344,32.3,33.05,27.5,27.85,33.36,33.16,28.23,28.03
2020-09-06 10:00:08.309089,1599375608.309098,32.3,33.05,27.5,27.85,33.36,33.16,28.23,28.03
2020-09-06 12:00:21.787640,1599382821.7876482,32.3,33.05,27.5,27.85,33.36,33.16,28.23,28.03
2020-09-06 14:00:35.358398,1599390035.3584065,32.3,33.05,27.5,27.85,33.36,33.16,28.23,28.03
2020-09-06 18:00:56.193214,1599404456.1932228,32.3,33.05,27.5,27.85,33.36,33.16,28.23,28.03
2020-09-06 20:00:09.604372,1599411609.60438,32.3,33.05,27.5,27.85,33.36,33.16,28.23,28.03
2020-09-07 09:00:59.825623,1599458459.8256319,32.3,33.05,27.5,27.85,33.36,33.16,28.23,28.03
2020-09-07 10:00:09.619824,1599462009.6198318,32.3,33.1,27.5,27.88,33.53,33.33,28.28,28.08
2020-09-07 12:00:23.083590,1599469223.083599,32.3,33.1,27.5,27.88,33.53,33.33,28.28,28.08
2020-09-07 14:00:36.528716,1599476436.5287242,32.3,33.1,27.5,27.88,33.53,33.33,28.28,28.08
2020-09-07 18:00:57.049204,1599490857.0492125,32.3,33.1,27.5,27.88,33.51,33.31,28.33,28.13
2020-09-07 20:00:12.439840,1599498012.4398477,32.3,33.1,27.5,27.88,33.51,33.31,28.33,28.13
2020-09-08 09:01:00.570556,1599544860.5705643,32.3,33.1,27.5,27.88,33.51,33.31,28.33,28.13
2020-09-08 10:00:10.415366,1599548410.4153736,32.3,33.1,27.55,27.9,33.51,33.31,28.33,28.13
2020-09-08 12:00:24.051718,1599555624.0517273,32.3,33.1,27.55,27.9,33.51,33.31,28.33,28.13
2020-09-08 14:00:37.715756,1599562837.7157645,32.3,33.1,27.55,27.9,33.51,33.31,28.33,28.13
2020-09-08 18:00:58.471576,1599577258.471585,32.3,33.1,27.55,27.9,33.51,33.31,28.33,28.13
2020-09-08 20:00:12.658792,1599584412.6588006,32.3,33.1,27.55,27.9,33.51,33.31,28.33,28.13
2020-09-09 09:01:00.508145,1599631260.508154,32.3,33.1,27.55,27.9,33.51,33.31,28.38,28.18
2020-09-09 10:00:10.981565,1599634810.9815738,32.3,33.1,27.55,27.9,33.51,33.31,28.38,28.18
2020-09-09 12:00:24.381924,1599642024.3819327,32.35,33.1,27.6,27.95,33.51,33.31,28.38,28.18
2020-09-09 14:00:39.154980,1599649239.1549892,32.35,33.1,27.6,27.95,33.51,33.31,28.38,28.18
2020-09-09 18:01:00.135573,1599663660.1355808,32.35,33.1,27.6,27.95,33.51,33.31,28.38,28.18
2020-09-09 20:00:14.490007,1599670814.4900155,32.35,33.1,27.6,27.95,33.51,33.31,28.38,28.18
2020-09-10 09:00:59.731923,1599717659.7319329,32.35,33.1,27.6,27.95,33.4,33.2,28.38,28.18
2020-09-10 10:00:09.479691,1599721209.4796999,32.35,33.1,27.6,27.95,33.4,33.2,28.38,28.18
2020-09-10 12:00:22.951385,1599728422.9513946,32.45,33.15,27.65,27.98,33.4,33.2,28.38,28.18
2020-09-10 14:00:36.027331,1599735636.0273392,32.45,33.15,27.65,27.98,33.4,33.2,28.38,28.18
2020-09-10 18:00:56.682351,1599750056.682361,32.45,33.15,27.65,27.98,33.4,33.2,28.38,28.18
2020-09-10 20:00:10.009017,1599757210.0090256,32.45,33.15,27.65,27.98,33.4,33.2,28.38,28.18
2020-09-11 09:01:00.468863,1599804060.468873,32.45,33.15,27.65,27.98,33.67,33.47,28.43,28.23
2020-09-11 10:00:10.577661,1599807610.5776699,32.45,33.15,27.65,27.98,33.67,33.47,28.43,28.23
2020-09-11 12:00:24.224053,1599814824.2240615,32.45,33.15,27.65,27.98,33.67,33.47,28.43,28.23
2020-09-11 14:00:37.817013,1599822037.8170223,32.55,33.3,27.7,28.02,33.67,33.47,28.43,28.23
2020-09-11 18:00:58.697684,1599836458.6976929,32.55,33.3,27.7,28.02,33.67,33.47,28.43,28.23
2020-09-11 20:00:12.701998,1599843612.702006,32.55,33.3,27.7,28.02,33.67,33.47,28.43,28.23
2020-09-12 09:00:01.845375,1599890401.8453836,32.65,33.4,27.75,28.05,33.67,33.47,28.43,28.23
2020-09-12 10:00:12.964346,1599894012.9643536,32.65,33.4,27.75,28.05,33.67,33.47,28.43,28.23
2020-09-12 12:00:26.374001,1599901226.3740091,32.65,33.4,27.75,28.05,33.67,33.47,28.43,28.23
2020-09-12 14:00:39.592165,1599908439.5921743,32.65,33.4,27.75,28.05,33.67,33.47,28.43,28.23
2020-09-12 18:01:00.142887,1599922860.1428952,32.65,33.4,27.75,28.05,33.67,33.47,28.43,28.23
2020-09-12 20:00:13.470290,1599930013.4702988,32.65,33.4,27.75,28.05,33.67,33.47,28.43,28.23
2020-09-13 09:01:00.264849,1599976860.264857,32.65,33.4,27.75,28.05,33.67,33.47,28.43,28.23
2020-09-13 10:00:10.138128,1599980410.138135,32.65,33.4,27.75,28.05,33.67,33.47,28.43,28.23
2020-09-13 12:00:23.690718,1599987623.690726,32.65,33.4,27.75,28.05,33.67,33.47,28.43,28.23
2020-09-13 14:00:37.017119,1599994837.0171268,32.65,33.4,27.75,28.05,33.67,33.47,28.43,28.23
2020-09-13 18:00:57.831408,1600009257.831415,32.65,33.4,27.75,28.05,33.67,33.47,28.43,28.23
2020-09-13 20:00:11.430469,1600016411.4304764,32.65,33.4,27.75,28.05,33.67,33.47,28.43,28.23
2020-09-14 09:00:00.767453,1600063200.7674623,32.65,33.4,27.75,28.05,33.8,33.6,28.48,28.28
2020-09-14 10:00:13.547766,1600066813.5477746,32.7,33.45,27.75,28.1,33.8,33.6,28.48,28.28
2020-09-14 12:00:27.139228,1600074027.1392365,32.7,33.45,27.75,28.1,33.8,33.6,28.48,28.28
2020-09-14 14:00:40.998546,1600081240.9985547,32.7,33.45,27.75,28.1,33.8,33.6,28.48,28.28
2020-09-14 18:00:02.197490,1600095602.1974986,32.7,33.45,27.75,28.1,33.8,33.6,28.48,28.28
2020-09-14 20:00:18.818052,1600102818.81806,32.7,33.45,27.75,28.1,33.8,33.6,28.48,28.28
2020-09-15 09:00:00.744664,1600149600.7446723,32.7,33.45,27.75,28.1,33.8,33.6,28.48,28.28
2020-09-15 10:00:12.464949,1600153212.4649572,32.8,33.6,27.8,28.15,33.96,33.76,28.58,28.38
2020-09-15 12:00:25.828475,1600160425.8284829,32.8,33.6,27.8,28.15,33.96,33.76,28.58,28.38
2020-09-15 14:00:40.639112,1600167640.6391196,32.9,33.7,27.85,28.22,33.96,33.76,28.58,28.38
2020-09-15 18:00:01.672852,1600182001.6728606,32.9,33.7,27.85,28.22,33.96,33.76,28.58,28.38
2020-09-15 20:00:17.499824,1600189217.4998333,32.9,33.7,27.85,28.22,33.96,33.76,28.58,28.38
2020-09-16 09:00:58.325975,1600236058.3259842,32.9,33.7,27.85,28.22,33.96,33.76,28.58,28.38
2020-09-16 10:00:08.768171,1600239608.7681792,32.85,33.7,27.95,28.3,34.13,33.93,28.68,28.48
2020-09-16 12:00:22.065750,1600246822.0657585,32.85,33.7,27.95,28.3,34.13,33.93,28.68,28.48
2020-09-16 14:00:38.343384,1600254038.3433924,32.85,33.7,27.95,28.3,34.13,33.93,28.68,28.48
2020-09-16 18:00:58.942652,1600268458.9426608,32.85,33.7,27.95,28.3,34.13,33.93,28.68,28.48
2020-09-16 20:00:12.321354,1600275612.3213627,32.85,33.7,27.95,28.3,34.13,33.93,28.68,28.48
2020-09-17 09:00:59.902998,1600322459.903007,32.85,33.7,27.95,28.3,34.13,33.93,28.68,28.48
2020-09-17 10:00:09.970370,1600326009.9703784,32.6,33.5,27.9,28.25,34.11,33.91,28.73,28.53
2020-09-17 12:00:22.819826,1600333222.819834,32.6,33.5,27.9,28.25,34.11,33.91,28.73,28.53
2020-09-17 14:00:35.744010,1600340435.7440183,32.6,33.5,27.9,28.25,34.11,33.91,28.73,28.53
2020-09-17 18:00:57.240639,1600354857.2406478,32.6,33.5,27.9,28.25,34.11,33.91,28.73,28.53
2020-09-17 20:00:11.585944,1600362011.5859513,32.6,33.5,27.9,28.25,34.11,33.91,28.73,28.53
2020-09-19 09:00:01.081332,1600495201.0813398,32.85,33.65,27.95,28.3,33.92,33.72,28.73,28.53
2020-09-19 10:00:11.671274,1600498811.6712825,32.85,33.65,27.95,28.3,33.92,33.72,28.73,28.53
2020-09-19 12:00:25.159001,1600506025.1590095,32.85,33.65,27.95,28.3,33.92,33.72,28.73,28.53
2020-09-19 14:00:38.492068,1600513238.492077,32.85,33.65,27.95,28.3,33.92,33.72,28.73,28.53
2020-09-19 18:00:59.332706,1600527659.3327148,32.85,33.65,27.95,28.3,33.92,33.72,28.73,28.53
2020-09-19 20:00:12.696912,1600534812.6969206,32.85,33.65,27.95,28.3,33.92,33.72,28.73,28.53
2020-09-20 09:01:00.140854,1600581660.1408622,32.85,33.65,27.95,28.3,33.92,33.72,28.73,28.53
2020-09-20 10:00:09.687731,1600585209.687739,32.85,33.65,27.95,28.3,33.92,33.72,28.73,28.53
2020-09-20 12:00:23.174477,1600592423.1744854,32.85,33.65,27.95,28.3,33.92,33.72,28.73,28.53
2020-09-20 14:00:36.428172,1600599636.4281802,32.85,33.65,27.95,28.3,33.92,33.72,28.73,28.53
2020-09-20 18:00:58.334045,1600614058.3340526,32.85,33.65,27.95,28.3,33.92,33.72,28.73,28.53
2020-09-20 20:00:13.289152,1600621213.289161,32.85,33.65,27.95,28.3,33.92,33.72,28.73,28.53
2020-09-21 09:00:01.296935,1600668001.2969427,32.85,33.65,27.95,28.3,34.1,33.9,28.76,28.56
2020-09-21 10:00:13.555499,1600671613.555507,32.88,33.66,27.95,28.3,34.1,33.9,28.76,28.56
2020-09-21 12:00:27.669050,1600678827.6690578,32.88,33.66,27.95,28.3,34.1,33.9,28.76,28.56
2020-09-21 14:00:41.757882,1600686041.75789,32.88,33.66,27.95,28.3,34.1,33.9,28.76,28.56
2020-09-21 18:00:02.540032,1600700402.5400407,32.88,33.66,27.95,28.3,34.1,33.9,28.76,28.56
2020-09-21 20:00:17.820246,1600707617.8202546,32.88,33.66,27.95,28.3,34.1,33.9,28.76,28.56
2020-09-22 09:01:00.277859,1600754460.277868,32.88,33.66,27.95,28.3,34.1,33.9,28.76,28.56
2020-09-22 10:00:09.813907,1600758009.8139148,32.8,33.5,28.05,28.4,34.04,33.84,28.83,28.63
2020-09-22 12:00:24.836132,1600765224.8361397,32.8,33.5,28.05,28.4,34.04,33.84,28.83,28.63
2020-09-22 14:00:38.864328,1600772438.8643365,32.8,33.5,28.05,28.4,34.04,33.84,28.83,28.63
2020-09-22 18:01:00.133458,1600786860.1334667,32.8,33.5,28.05,28.4,34.04,33.84,28.83,28.63
2020-09-22 20:00:14.194529,1600794014.194537,32.8,33.5,28.05,28.4,34.04,33.84,28.83,28.63
2020-09-24 09:00:01.040005,1600927201.0400136,32.7,33.3,28.05,28.35,34.03,33.93,28.92,28.72
2020-09-24 10:00:13.753678,1600930813.7536867,32.62,33.22,28.1,28.4,34.03,33.93,28.92,28.72
2020-09-24 12:00:28.213934,1600938028.2139428,32.62,33.22,28.1,28.4,34.03,33.93,28.92,28.72
2020-09-24 14:00:42.085098,1600945242.0851068,32.62,33.22,28.1,28.4,34.03,33.93,28.92,28.72
2020-09-24 18:00:01.595291,1600959601.595299,32.62,33.22,28.1,28.4,34.03,33.93,28.92,28.72
2020-09-24 20:00:16.452358,1600966816.4523668,32.62,33.22,28.1,28.4,34.03,33.93,28.92,28.72
2020-09-25 09:00:59.142600,1601013659.1426082,32.62,33.22,28.1,28.4,34.03,33.93,28.92,28.72
2020-09-25 10:00:09.025018,1601017209.025026,32.6,33.3,28.15,28.45,33.4,33.2,28.93,28.73
2020-09-25 12:00:22.372234,1601024422.3722432,32.6,33.3,28.15,28.45,33.4,33.2,28.93,28.73
2020-09-25 14:00:35.790328,1601031635.7903366,32.6,33.3,28.15,28.45,33.4,33.2,28.93,28.73
2020-09-25 18:00:56.450354,1601046056.4503627,32.6,33.3,28.15,28.45,33.4,33.2,28.93,28.73
2020-09-25 20:00:09.786767,1601053209.786775,32.6,33.3,28.15,28.45,33.4,33.2,28.93,28.73
2020-09-26 09:00:59.418445,1601100059.418453,32.6,33.3,28.15,28.45,33.4,33.2,28.93,28.73
2020-09-26 10:00:09.243611,1601103609.243619,32.6,33.3,28.15,28.45,33.4,33.2,28.93,28.73
2020-09-26 12:00:22.759821,1601110822.7598295,32.6,33.3,28.15,28.45,33.4,33.2,28.93,28.73
2020-09-26 14:00:37.073784,1601118037.0737925,32.6,33.3,28.15,28.45,33.4,33.2,28.93,28.73
2020-09-26 18:00:57.989805,1601132457.989813,32.6,33.3,28.15,28.45,33.4,33.2,28.93,28.73
2020-09-26 20:00:12.226821,1601139612.2268295,32.6,33.3,28.15,28.45,33.4,33.2,28.93,28.73
2020-09-27 09:01:00.191523,1601186460.1915312,32.6,33.3,28.15,28.45,33.4,33.2,28.93,28.73
2020-09-27 10:00:09.905399,1601190009.9054072,32.6,33.3,28.15,28.45,33.4,33.2,28.93,28.73
2020-09-27 12:00:23.294938,1601197223.2949476,32.6,33.3,28.15,28.45,33.4,33.2,28.93,28.73
2020-09-27 14:00:36.333973,1601204436.3339803,32.6,33.3,28.15,28.45,33.4,33.2,28.93,28.73
2020-09-27 18:00:56.639216,1601218856.6392238,32.6,33.3,28.15,28.45,33.4,33.2,28.93,28.73
2020-09-27 20:00:11.299917,1601226011.2999256,32.6,33.3,28.15,28.45,33.4,33.2,28.93,28.73
2020-09-28 09:00:59.021707,1601272859.0217147,32.6,33.3,28.15,28.45,33.4,33.2,28.93,28.73
2020-09-28 10:00:09.334637,1601276409.3346462,32.6,33.2,28.1,28.4,33.73,33.53,28.96,28.76
2020-09-28 12:00:22.494074,1601283622.4940822,32.6,33.2,28.1,28.4,33.73,33.53,28.96,28.76
2020-09-28 14:00:35.681394,1601290835.681403,32.6,33.2,28.1,28.4,33.73,33.53,28.96,28.76
2020-09-28 18:00:56.125394,1601305256.1254032,32.6,33.2,28.1,28.4,33.73,33.53,28.96,28.76
2020-09-28 20:00:10.724726,1601312410.7247353,32.6,33.2,28.1,28.4,33.73,33.53,28.96,28.76
2020-09-30 09:00:59.240193,1601445659.2402017,32.6,33.2,28.1,28.4,33.88,33.68,28.99,28.79
2020-09-30 10:00:09.806767,1601449209.8067746,32.8,33.4,28.2,28.5,33.88,33.68,28.99,28.79
2020-09-30 12:00:23.151205,1601456423.1512132,32.8,33.4,28.2,28.5,33.88,33.68,28.99,28.79
2020-09-30 14:00:37.009216,1601463637.0092251,32.8,33.4,28.2,28.5,33.97,33.77,28.96,28.76
2020-09-30 18:00:57.674164,1601478057.6741729,32.8,33.4,28.2,28.5,33.97,33.77,28.96,28.76
2020-09-30 20:00:11.558510,1601485211.558519,32.8,33.4,28.2,28.5,33.97,33.77,28.96,28.76
2020-10-01 09:00:59.918201,1601532059.9182098,32.8,33.4,28.2,28.5,33.97,33.77,28.96,28.76
2020-10-01 10:00:10.851875,1601535610.8518841,32.85,33.45,28.1,28.4,33.99,33.79,28.99,28.79
2020-10-01 12:00:24.792123,1601542824.792132,32.85,33.45,28.1,28.4,33.99,33.79,28.99,28.79
2020-10-01 14:00:38.196643,1601550038.1966512,32.85,33.45,28.1,28.4,33.99,33.79,28.99,28.79
2020-10-01 18:00:09.488868,1601564409.4888766,32.85,33.5,28.1,28.5,33.99,33.79,28.99,28.79
2020-10-01 20:00:23.288175,1601571623.2881832,32.85,33.5,28.1,28.5,33.99,33.79,28.99,28.79
2020-10-02 09:00:57.427250,1601618457.4272587,32.85,33.5,28.1,28.5,33.99,33.79,28.99,28.79
2020-10-02 10:00:07.015445,1601622007.0154533,33.0,33.5,28.25,28.6,34.14,33.94,28.97,28.77
2020-10-03 09:00:00.682040,1601704800.6820483,33.0,33.5,28.25,28.6,34.14,33.94,28.97,28.77
2020-10-03 10:00:12.278150,1601708412.2781577,33.0,33.5,28.25,28.6,34.14,33.94,28.97,28.77
2020-10-03 12:00:25.945959,1601715625.9459665,33.0,33.5,28.25,28.6,34.14,33.94,28.97,28.77
2020-10-03 14:00:39.385111,1601722839.385119,33.0,33.5,28.25,28.6,34.14,33.94,28.97,28.77
2020-10-03 18:01:00.180352,1601737260.1803615,33.0,33.5,28.25,28.6,34.14,33.94,28.97,28.77
2020-10-03 20:00:13.613142,1601744413.6131496,33.0,33.5,28.25,28.6,34.14,33.94,28.97,28.77
2020-10-04 09:00:58.312838,1601791258.3128457,33.0,33.5,28.25,28.6,34.14,33.94,28.97,28.77
2020-10-04 10:00:13.335531,1601794813.3355381,33.0,33.5,28.25,28.6,34.14,33.94,28.97,28.77
2020-10-04 12:00:26.590531,1601802026.5905392,33.0,33.5,28.25,28.6,34.14,33.94,28.97,28.77
2020-10-04 14:00:39.971260,1601809239.9712682,33.0,33.5,28.25,28.6,34.14,33.94,28.97,28.77
2020-10-04 18:00:00.651982,1601823600.6519895,33.0,33.5,28.25,28.6,34.14,33.94,28.97,28.77
2020-10-04 20:00:15.992174,1601830815.9921823,33.0,33.5,28.25,28.6,34.14,33.94,28.97,28.77
2020-10-05 09:00:00.555103,1601877600.5551107,33.0,33.5,28.25,28.6,34.08,33.88,29.04,28.84
2020-10-05 10:00:12.837882,1601881212.8378909,32.9,33.65,28.25,28.6,34.08,33.88,29.04,28.84
2020-10-05 12:00:26.422093,1601888426.422101,32.9,33.65,28.25,28.6,34.08,33.88,29.04,28.84
2020-10-05 14:00:39.490982,1601895639.4909902,32.9,33.65,28.25,28.6,34.08,33.88,29.04,28.84
2020-10-05 18:01:00.146571,1601910060.1465797,32.9,33.65,28.25,28.6,34.08,33.88,29.04,28.84
2020-10-05 20:00:13.976652,1601917213.976661,32.9,33.65,28.25,28.6,34.08,33.88,29.04,28.84
2020-10-06 09:00:00.845076,1601964000.8450851,32.9,33.65,28.25,28.6,34.14,33.94,29.04,28.84
2020-10-06 10:00:12.400752,1601967612.4007602,33.1,33.85,28.3,28.65,34.14,33.94,29.04,28.84
2020-10-06 12:00:25.326201,1601974825.3262098,33.1,33.85,28.3,28.65,34.14,33.94,29.04,28.84
2020-10-06 14:00:39.150274,1601982039.150283,33.1,33.8,28.2,28.6,34.14,33.94,29.04,28.84
2020-10-06 18:00:59.951417,1601996459.9514253,33.1,33.8,28.2,28.6,34.14,33.94,29.04,28.84
2020-10-06 20:00:15.067504,1602003615.0675123,33.1,33.8,28.2,28.6,34.14,33.94,29.04,28.84
2020-10-07 09:01:00.455475,1602050460.455483,33.1,33.8,28.2,28.6,34.14,33.94,29.04,28.84
2020-10-07 10:00:10.131776,1602054010.1317837,33.0,33.75,28.25,28.6,34.14,33.94,29.04,28.84
2020-10-07 12:00:23.404380,1602061223.404388,33.0,33.75,28.25,28.6,34.32,34.12,29.09,28.89
2020-10-07 14:00:37.102030,1602068437.1020386,33.0,33.75,28.25,28.6,34.32,34.12,29.09,28.89
2020-10-07 18:00:57.712974,1602082857.7129824,33.0,33.75,28.25,28.6,34.32,34.12,29.09,28.89
2020-10-07 20:00:11.886609,1602090011.8866181,33.0,33.75,28.25,28.6,34.32,34.12,29.09,28.89
2020-10-08 09:00:00.522315,1602136800.5223234,33.0,33.75,28.25,28.6,34.32,34.12,29.09,28.89
2020-10-08 10:00:12.363965,1602140412.363973,33.05,33.75,28.22,28.22,34.32,34.12,29.09,28.89
2020-10-08 12:00:25.857561,1602147625.8575695,33.05,33.75,28.22,28.58,34.19,33.99,29.04,28.84
2020-10-08 14:00:39.139468,1602154839.1394763,33.05,33.75,28.22,28.58,34.19,33.99,29.04,28.84
2020-10-08 18:00:59.559959,1602169259.5599658,33.05,33.75,28.22,28.58,34.19,33.99,29.04,28.84
2020-10-08 20:00:14.251189,1602176414.2511973,33.05,33.75,28.22,28.58,34.19,33.99,29.04,28.84
2020-10-09 09:01:00.049083,1602223260.0490918,33.05,33.75,28.22,28.58,34.19,33.99,29.04,28.84
2020-10-09 10:00:10.618572,1602226810.6185796,32.9,33.65,28.12,28.48,34.19,33.99,29.04,28.84
2020-10-09 12:00:24.229177,1602234024.229186,32.9,33.65,28.12,28.48,34.1,33.9,28.99,28.79
2020-10-09 14:00:38.499414,1602241238.4994216,32.9,33.65,28.12,28.48,34.1,33.9,28.99,28.79
2020-10-09 18:00:59.631750,1602255659.63176,32.9,33.65,28.12,28.48,34.1,33.9,28.99,28.79
2020-10-09 20:00:13.034678,1602262813.0346863,32.9,33.65,28.12,28.48,34.1,33.9,28.99,28.79
2020-10-10 09:01:00.331322,1602309660.3313305,32.95,33.65,28.1,28.48,34.1,33.9,28.99,28.79
2020-10-10 10:00:10.228335,1602313210.2283425,32.95,33.65,28.1,28.48,34.1,33.9,28.99,28.79
2020-10-10 12:00:23.498788,1602320423.4987965,32.95,33.65,28.1,28.48,34.1,33.9,28.99,28.79
2020-10-10 14:00:36.641301,1602327636.6413107,32.95,33.65,28.1,28.48,34.1,33.9,28.99,28.79
2020-10-10 18:00:57.363934,1602342057.3639424,32.95,33.65,28.1,28.48,34.1,33.9,28.99,28.79
2020-10-10 20:00:10.940856,1602349210.9408643,32.95,33.65,28.1,28.48,34.1,33.9,28.99,28.79
2020-10-11 09:01:00.244051,1602396060.2440588,32.95,33.65,28.1,28.48,34.1,33.9,28.99,28.79
2020-10-11 10:00:10.239730,1602399610.239739,32.95,33.65,28.1,28.48,34.1,33.9,28.99,28.79
2020-10-11 12:00:23.206430,1602406823.2064373,32.95,33.65,28.1,28.48,34.1,33.9,28.99,28.79
2020-10-11 14:00:37.297142,1602414037.29715,32.95,33.65,28.1,28.48,34.1,33.9,28.99,28.79
2020-10-11 18:00:59.362810,1602428459.3628182,32.95,33.65,28.1,28.48,34.1,33.9,28.99,28.79
2020-10-11 20:00:12.666312,1602435612.6663208,32.95,33.65,28.1,28.48,34.1,33.9,28.99,28.79
2020-10-12 09:00:01.263531,1602482401.2635405,32.95,33.65,28.1,28.48,34.1,33.9,28.99,28.79
2020-10-12 10:00:14.159592,1602486014.1595998,33.05,33.75,28.13,28.49,33.96,34.16,28.73,28.93
2020-10-12 12:00:27.514025,1602493227.5140333,33.05,33.75,28.13,28.49,33.96,34.16,28.73,28.93
2020-10-12 14:00:40.965053,1602500440.9650621,33.05,33.75,28.13,28.49,33.96,34.16,28.73,28.93
2020-10-12 18:00:02.547187,1602514802.547196,33.05,33.75,28.13,28.49,33.96,34.16,28.73,28.93
2020-10-12 20:00:22.401234,1602522022.401242,33.05,33.75,28.13,28.49,33.96,34.16,28.73,28.93
2020-10-13 09:00:00.724704,1602568800.7247124,33.05,33.75,28.13,28.49,33.96,34.16,28.73,28.93
2020-10-13 10:00:12.896632,1602572412.8966403,33.05,33.75,28.13,28.49,33.96,34.16,28.73,28.93
2020-10-13 12:00:26.500380,1602579626.5003884,33.05,33.75,28.15,28.5,34.16,33.96,28.93,28.73
2020-10-13 14:00:39.730085,1602586839.7300932,33.05,33.75,28.15,28.5,34.16,33.96,28.93,28.73
2020-10-13 18:00:01.145352,1602601201.1453612,33.05,33.75,28.15,28.5,34.16,33.96,28.93,28.73
2020-10-13 20:00:16.288963,1602608416.2889712,33.05,33.75,28.15,28.5,34.16,33.96,28.93,28.73
2020-10-14 09:00:58.601479,1602655258.601487,33.05,33.75,28.15,28.5,34.16,33.96,28.93,28.73
2020-10-14 10:00:10.449092,1602658810.4490998,33.05,33.75,28.15,28.5,34.16,33.96,28.93,28.73
2020-10-14 12:00:23.758829,1602666023.758837,33.05,33.75,28.15,28.5,34.16,33.96,28.93,28.73
2020-10-14 14:00:36.529534,1602673236.5295427,33.05,33.75,28.15,28.5,34.16,33.96,28.93,28.73
2020-10-14 18:00:55.991050,1602687655.9910586,33.05,33.75,28.15,28.5,34.16,33.96,28.93,28.73
2020-10-14 20:00:09.287743,1602694809.2877512,33.05,33.75,28.15,28.5,34.16,33.96,28.93,28.73
2020-10-15 09:00:01.127890,1602741601.1278987,33.05,33.75,28.15,28.5,34.16,33.96,28.93,28.73
2020-10-15 10:00:12.669837,1602745212.6698453,32.95,33.65,28.15,28.55,34.16,33.96,28.93,28.73
2020-10-15 12:00:26.461255,1602752426.4612632,32.95,33.65,28.15,28.55,34.2,34.0,28.99,28.79
2020-10-15 14:00:40.124897,1602759640.1249044,32.95,33.65,28.15,28.55,34.2,34.0,28.99,28.79
2020-10-15 18:00:01.277172,1602774001.27718,32.95,33.65,28.15,28.55,34.2,34.0,28.99,28.79
2020-10-15 20:00:21.578894,1602781221.5789018,32.95,33.65,28.15,28.55,34.2,34.0,28.99,28.79
2020-10-16 09:00:01.896526,1602828001.8965344,32.95,33.65,28.15,28.55,34.2,34.0,28.99,28.79
2020-10-16 10:00:12.407427,1602831612.4074352,32.85,33.6,28.2,28.55,33.99,33.79,28.99,28.79
2020-10-16 12:00:25.510417,1602838825.510426,32.85,33.6,28.2,28.55,33.99,33.79,28.99,28.79
2020-10-16 14:00:38.774067,1602846038.7740757,32.85,33.6,28.2,28.55,33.99,33.79,28.99,28.79
2020-10-16 18:00:58.984976,1602860458.9849844,32.85,33.6,28.2,28.55,33.99,33.79,28.99,28.79
2020-10-16 20:00:12.990444,1602867612.9904523,32.85,33.6,28.2,28.55,33.99,33.79,28.99,28.79
2020-10-28 18:00:27.401414,1603900827.4014218,33.1,33.8,28.25,28.58,34.36,34.16,29.04,28.84
2020-10-28 20:00:41.672460,1603908041.672468,33.1,33.8,28.25,28.58,34.36,34.16,29.04,28.84
2020-10-29 09:00:00.884045,1603954800.8840532,33.1,33.8,28.25,28.58,34.36,34.16,29.04,28.84
2020-10-29 10:00:12.330681,1603958412.3306887,33.05,33.8,28.25,28.6,34.1,33.9,29.06,28.86
2020-10-29 12:00:25.844437,1603965625.844445,33.05,33.8,28.25,28.6,34.1,33.9,29.06,28.86
2020-10-29 14:00:39.388752,1603972839.3887596,33.05,33.8,28.25,28.6,34.1,33.9,29.06,28.86
2020-10-29 18:00:00.659208,1603987200.6592155,33.05,33.8,28.25,28.6,34.1,33.9,29.06,28.86
2020-10-29 20:00:17.672123,1603994417.6721303,33.05,33.8,28.25,28.6,34.1,33.9,29.06,28.86
2020-10-30 09:00:57.403846,1604041257.403855,33.05,33.8,28.25,28.6,34.1,33.9,29.06,28.86
2020-10-30 10:00:07.293322,1604044807.293331,32.85,33.65,28.3,28.65,34.07,33.87,29.09,28.89
2020-10-30 12:00:20.666624,1604052020.6666324,32.85,33.65,28.3,28.65,34.07,33.87,29.09,28.89
2020-10-30 14:00:34.132681,1604059234.132691,32.85,33.65,28.3,28.65,34.07,33.87,29.09,28.89
2020-10-30 18:00:54.898310,1604073654.8983188,32.85,33.65,28.3,28.65,34.07,33.87,29.09,28.89
2020-10-30 20:00:09.589140,1604080809.5891485,32.85,33.65,28.3,28.65,34.07,33.87,29.09,28.89
2020-10-31 09:01:00.106378,1604127660.1063862,32.8,33.6,28.3,28.65,34.07,33.87,29.09,28.89
2020-10-31 10:00:09.809740,1604131209.809748,32.8,33.6,28.3,28.65,34.07,33.87,29.09,28.89
2020-10-31 12:00:22.822637,1604138422.8226452,32.8,33.6,28.3,28.65,34.07,33.87,29.09,28.89
2020-10-31 14:00:36.278285,1604145636.2782924,32.8,33.6,28.3,28.65,34.07,33.87,29.09,28.89
2020-10-31 18:00:56.648029,1604160056.648037,32.8,33.6,28.3,28.65,34.07,33.87,29.09,28.89
2020-10-31 20:00:10.246709,1604167210.2467172,32.8,33.6,28.3,28.65,34.07,33.87,29.09,28.89
2020-11-01 09:01:00.334154,1604214060.3341625,32.8,33.6,28.3,28.65,34.07,33.87,29.09,28.89
2020-11-01 10:00:10.287126,1604217610.2871335,32.8,33.6,28.3,28.65,34.07,33.87,29.09,28.89
2020-11-01 12:00:23.401779,1604224823.4017878,32.8,33.6,28.3,28.65,34.07,33.87,29.09,28.89
2020-11-01 14:00:36.572046,1604232036.5720556,32.8,33.6,28.3,28.65,34.07,33.87,29.09,28.89
2020-11-01 18:00:57.558969,1604246457.5589774,32.8,33.6,28.3,28.65,34.07,33.87,29.09,28.89
2020-11-01 20:00:10.613315,1604253610.613323,32.8,33.6,28.3,28.65,34.07,33.87,29.09,28.89
2020-11-02 09:00:01.608629,1604300401.608637,32.8,33.6,28.3,28.65,34.07,33.87,29.09,28.89
